Elapsed Time,Voltage,Adjusted SoC
9550.579,4.18816,103.116744
9560.579,4.18849,103.11674
9570.579,4.18816,103.11675
9580.579,4.18849,103.11676
9590.579,4.18849,103.116777
9600.579,4.18816,103.116785
9610.579,4.18849,103.116788
9620.579,4.18816,103.116775
9630.579,4.18816,103.116787
9640.579,4.18816,103.11679
9650.579,4.18816,103.116794
9660.579,4.18816,103.116789
9670.579,4.18816,103.116772
9680.579,4.18816,103.116771
9690.579,4.18816,103.116784
9700.579,4.18816,103.11679
9710.579,4.18816,103.116788
9720.579,4.18816,103.116785
9730.579,4.18784,103.116784
9740.579,4.18816,103.116785
9750.579,4.18784,103.116792
9760.579,4.18784,103.116798
9770.579,4.18784,103.116808
9780.579,4.18784,103.116808
9790.579,4.18816,103.11682
9800.579,4.18784,103.116823
9810.579,4.18784,103.116836
9820.579,4.18784,103.116823
9830.579,4.18784,103.116821
9840.579,4.18784,103.116815
9850.579,4.18751,103.116818
9860.579,4.18784,103.116806
9870.579,4.18784,103.116798
9880.579,4.18784,103.116791
9890.579,4.18784,103.116794
9900.579,4.18751,103.116803
9910.579,4.18784,103.116791
9920.579,4.18784,103.116796
9930.579,4.18784,103.116775
9940.579,4.18784,103.11676
9950.579,4.1707,103.107023
9960.579,4.16293,102.968111
9970.579,4.15808,102.829234
9980.579,4.15485,102.690339
9990.579,4.15226,102.551441
10000.579,4.15032,102.412552
10010.579,4.14838,102.273649
10020.579,4.14644,102.134766
10030.579,4.14482,101.995862
10040.579,4.1432,101.856954
10050.579,4.14159,101.718038
10060.579,4.13997,101.579154
10070.579,4.13868,101.440246
10080.579,4.13674,101.301333
10090.579,4.13577,101.162458
10100.579,4.13415,101.023549
10110.579,4.13285,100.884639
10120.579,4.13124,100.745761
10130.579,4.12994,100.606859
10140.579,4.12865,100.467993
10150.579,4.12703,100.329074
10160.579,4.12574,100.190199
10170.579,4.12444,100.051287
10180.579,4.12315,99.912409
10190.579,4.12186,99.773542
10200.579,4.12024,99.634632
10210.579,4.11927,99.495748
10220.579,4.11798,99.356873
10230.579,4.11636,99.217999
10240.579,4.11507,99.079104
10250.579,4.11377,98.940235
10260.579,4.11248,98.801347
10270.579,4.11151,98.662448
10280.579,4.11021,98.523563
10290.579,4.10892,98.384664
10300.579,4.1073,98.245807
10310.579,4.10601,98.106915
10320.579,4.10472,97.968014
10330.579,4.1031,97.829128
10340.579,4.1018,97.690245
10350.579,4.10116,97.551373
10360.579,4.09922,97.412472
10370.579,4.09825,97.273579
10380.579,4.09695,97.134684
10390.579,4.09566,96.995765
10400.579,4.09437,96.856896
10410.579,4.09275,96.717997
10420.579,4.09178,96.579102
10430.579,4.09048,96.440199
10440.579,4.08919,96.301316
10450.579,4.0879,96.162412
10460.579,4.0866,96.023524
10470.579,4.08563,95.884643
10480.579,4.08434,95.745767
10490.579,4.08272,95.606866
10500.579,4.08143,95.46795
10510.579,4.08046,95.329064
10520.579,4.07884,95.190159
10530.579,4.07755,95.051281
10540.579,4.07658,94.912381
10550.579,4.07528,94.773477
10560.579,4.07399,94.634603
10570.579,4.07302,94.495718
10580.579,4.0714,94.356811
10590.579,4.07043,94.217913
10600.579,4.06914,94.079011
10610.579,4.06817,93.940132
10620.579,4.06687,93.801216
10630.579,4.06558,93.66232
10640.579,4.06461,93.523439
10650.579,4.06332,93.384579
10660.579,4.06202,93.245672
10670.579,4.06105,93.106786
10680.579,4.06008,92.967909
10690.579,4.05879,92.828998
10700.579,4.05782,92.69013
10710.579,4.05685,92.551226
10720.579,4.05588,92.412335
10730.579,4.05491,92.273454
10740.579,4.05394,92.134577
10750.579,4.05329,91.995674
10760.579,4.05264,91.856776
10770.579,4.05167,91.717887
10780.579,4.0507,91.578997
10790.579,4.05006,91.440135
10800.579,4.04941,91.30124
10810.579,4.04844,91.162327
10820.579,4.04811,91.023459
10830.579,4.04747,90.884547
10840.579,4.0465,90.745636
10850.579,4.04585,90.606739
10860.579,4.0452,90.467862
10870.579,4.04423,90.328972
10880.579,4.04359,90.19007
10890.579,4.04262,90.051197
10900.579,4.04197,89.91233
10910.579,4.04132,89.773439
10920.579,4.04035,89.634544
10930.579,4.03938,89.495646
10940.579,4.03873,89.356762
10950.579,4.03744,89.217858
10960.579,4.03679,89.078969
10970.579,4.0355,88.940066
10980.579,4.03453,88.801195
10990.579,4.03324,88.662297
11000.579,4.03194,88.523398
11010.579,4.03065,88.384496
11020.579,4.02903,88.245591
11030.579,4.02741,88.106705
11040.579,4.02547,87.967808
11050.579,4.02353,87.828928
11060.579,4.02159,87.690036
11070.579,4.01965,87.551145
11080.579,4.01706,87.412252
11090.579,4.01512,87.273333
11100.579,4.01254,87.13445
11110.579,4.00995,86.99556
11120.579,4.00768,86.856701
11130.579,4.0051,86.717808
11140.579,4.00251,86.57893
11150.579,4.00025,86.440063
11160.579,3.99766,86.301176
11170.579,3.99539,86.162303
11180.579,3.99281,86.023416
11190.579,3.99054,85.884501
11200.579,3.98828,85.74561
11210.579,3.98601,85.60674
11220.579,3.98407,85.46785
11230.579,3.98213,85.32897
11240.579,3.98019,85.190057
11250.579,3.97793,85.051164
11260.579,3.97599,84.912291
11270.579,3.97437,84.773391
11280.579,3.97275,84.634503
11290.579,3.97081,84.495611
11300.579,3.9692,84.356719
11310.579,3.96758,84.217842
11320.579,3.96596,84.07895
11330.579,3.96434,83.940087
11340.579,3.96305,83.801169
11350.579,3.96143,83.662279
11360.579,3.96014,83.523403
11370.579,3.95852,83.384506
11380.579,3.95723,83.245623
11390.579,3.95594,83.106751
11400.579,3.95529,82.967852
11410.579,3.95367,82.828962
11420.579,3.9527,82.690081
11430.579,3.95141,82.551209
11440.579,3.95044,82.412304
11450.579,3.94882,82.273432
11460.579,3.94785,82.134532
11470.579,3.9472,81.995658
11480.579,3.94591,81.856754
11490.579,3.94462,81.717869
11500.579,3.94364,81.578994
11510.579,3.94267,81.440111
11520.579,3.9417,81.301226
11530.579,3.94106,81.162317
11540.579,3.94009,81.023427
11550.579,3.93912,80.88454
11560.579,3.93815,80.745673
11570.579,3.93718,80.60679
11580.579,3.93653,80.467878
11590.579,3.93588,80.328997
11600.579,3.93491,80.190092
11610.579,3.93394,80.051219
11620.579,3.93297,79.912327
11630.579,3.93232,79.773426
11640.579,3.93168,79.63455
11650.579,3.93103,79.495673
11660.579,3.93006,79.356776
11670.579,3.92941,79.21787
11680.579,3.92844,79.078999
11690.579,3.9278,78.940097
11700.579,3.92683,78.801193
11710.579,3.92618,78.662306
11720.579,3.92553,78.523393
11730.579,3.92489,78.384502
11740.579,3.92392,78.245606
11750.579,3.92327,78.106737
11760.579,3.92262,77.96785
11770.579,3.92197,77.828979
11780.579,3.92133,77.690087
11790.579,3.92036,77.551201
11800.579,3.91971,77.412334
11810.579,3.91906,77.273439
11820.579,3.91809,77.134546
11830.579,3.91745,76.995672
11840.579,3.9168,76.856769
11850.579,3.91583,76.717893
11860.579,3.91551,76.578985
11870.579,3.91454,76.440109
11880.579,3.91389,76.301222
11890.579,3.91324,76.162327
11900.579,3.9126,76.023414
11910.579,3.91162,75.884519
11920.579,3.91065,75.745614
11930.579,3.91033,75.606721
11940.579,3.90936,75.467837
11950.579,3.90871,75.328926
11960.579,3.90774,75.190019
11970.579,3.90677,75.051106
11980.579,3.90613,74.91221
11990.579,3.90548,74.773331
12000.579,3.90451,74.634441
12010.579,3.90386,74.495551
12020.579,3.90289,74.356664
12030.579,3.90225,74.217788
12040.579,3.90127,74.078878
12050.579,3.9003,73.940005
12060.579,3.89966,73.801136
12070.579,3.89869,73.662229
12080.579,3.89804,73.523353
12090.579,3.89707,73.384465
12100.579,3.8961,73.245587
12110.579,3.89513,73.106681
12120.579,3.89448,72.967782
12130.579,3.89351,72.828896
12140.579,3.89254,72.689979
12150.579,3.8919,72.551082
12160.579,3.89092,72.412188
12170.579,3.88995,72.27328
12180.579,3.88898,72.134368
12190.579,3.88801,71.995475
12200.579,3.88704,71.856602
12210.579,3.8864,71.717709
12220.579,3.88575,71.578813
12230.579,3.88478,71.439909
12240.579,3.88381,71.301024
12250.579,3.88284,71.16211
12260.579,3.88187,71.023203
12270.579,3.88122,70.884323
12280.579,3.87993,70.745431
12290.579,3.87928,70.60654
12300.579,3.87831,70.467668
12310.579,3.87734,70.328791
12320.579,3.87637,70.18989
12330.579,3.87572,70.050996
12340.579,3.87475,69.91211
12350.579,3.87378,69.773207
12360.579,3.87281,69.634332
12370.579,3.87217,69.495425
12380.579,3.8712,69.356567
12390.579,3.87055,69.217666
12400.579,3.86958,69.078783
12410.579,3.86861,68.9399
12420.579,3.86764,68.80101
12430.579,3.86667,68.662123
12440.579,3.86602,68.523226
12450.579,3.86505,68.384335
12460.579,3.8644,68.245445
12470.579,3.86343,68.106556
12480.579,3.86279,67.967667
12490.579,3.86214,67.828775
12500.579,3.86085,67.689906
12510.579,3.8602,67.551037
12520.579,3.85923,67.412154
12530.579,3.85826,67.273245
12540.579,3.85729,67.134352
12550.579,3.85664,66.995469
12560.579,3.85599,66.856572
12570.579,3.85502,66.717705
12580.579,3.85373,66.578801
12590.579,3.85341,66.439934
12600.579,3.85244,66.301045
12610.579,3.85179,66.162183
12620.579,3.85082,66.023312
12630.579,3.85017,65.884444
12640.579,3.8492,65.745558
12650.579,3.84855,65.606643
12660.579,3.84758,65.467744
12670.579,3.84661,65.328866
12680.579,3.84597,65.18999
12690.579,3.84532,65.051115
12700.579,3.84435,64.91223
12710.579,3.8437,64.773343
12720.579,3.84273,64.634456
12730.579,3.84241,64.495578
12740.579,3.84144,64.356683
12750.579,3.84079,64.217782
12760.579,3.83982,64.078897
12770.579,3.83918,63.939993
12780.579,3.8382,63.801114
12790.579,3.83756,63.662219
12800.579,3.83691,63.523363
12810.579,3.83626,63.384477
12820.579,3.83529,63.245587
12830.579,3.83465,63.106706
12840.579,3.834,62.967811
12850.579,3.83303,62.828926
12860.579,3.83206,62.690028
12870.579,3.83174,62.55113
12880.579,3.83077,62.412242
12890.579,3.83012,62.273372
12900.579,3.82947,62.134483
12910.579,3.82883,61.995594
12920.579,3.82786,61.856719
12930.579,3.82721,61.717836
12940.579,3.82656,61.578957
12950.579,3.82591,61.440071
12960.579,3.82527,61.301177
12970.579,3.8243,61.162272
12980.579,3.82365,61.023374
12990.579,3.82333,60.884484
13000.579,3.82236,60.74557
13010.579,3.82139,60.6067
13020.579,3.82074,60.46778
13030.579,3.82042,60.328893
13040.579,3.81945,60.19
13050.579,3.81912,60.051107
13060.579,3.81815,59.912221
13070.579,3.81751,59.773315
13080.579,3.81686,59.634408
13090.579,3.81621,59.495505
13100.579,3.81556,59.356631
13110.579,3.81492,59.217742
13120.579,3.81427,59.078816
13130.579,3.81362,58.93992
13140.579,3.81265,58.801009
13150.579,3.81201,58.662104
13160.579,3.81168,58.523223
13170.579,3.81071,58.384344
13180.579,3.81039,58.245455
13190.579,3.80974,58.106542
13200.579,3.8091,57.967644
13210.579,3.80813,57.828757
13220.579,3.8078,57.689875
13230.579,3.80716,57.550984
13240.579,3.80651,57.412104
13250.579,3.80586,57.273235
13260.579,3.80521,57.134355
13270.579,3.80489,56.99546
13280.579,3.80392,56.856575
13290.579,3.80327,56.717688
13300.579,3.80263,56.578787
13310.579,3.8023,56.439902
13320.579,3.80166,56.30103
13330.579,3.80101,56.16214
13340.579,3.80036,56.023242
13350.579,3.79972,55.88436
13360.579,3.79907,55.745459
13370.579,3.79842,55.606562
13380.579,3.7981,55.467686
13390.579,3.79745,55.328796
13400.579,3.79681,55.189924
13410.579,3.79616,55.051025
13420.579,3.79584,54.912135
13430.579,3.79519,54.773257
13440.579,3.79454,54.634395
13450.579,3.79389,54.495523
13460.579,3.79357,54.356664
13470.579,3.79292,54.217769
13480.579,3.79195,54.078889
13490.579,3.79195,53.940002
13500.579,3.79098,53.801107
13510.579,3.79034,53.662223
13520.579,3.79001,53.523328
13530.579,3.78937,53.384442
13540.579,3.78872,53.245549
13550.579,3.7884,53.106657
13560.579,3.78775,52.967774
13570.579,3.7871,52.828888
13580.579,3.78646,52.689995
13590.579,3.78613,52.55108
13600.579,3.78549,52.412224
13610.579,3.78516,52.273299
13620.579,3.78484,52.13443
13630.579,3.78419,51.995523
13640.579,3.78354,51.856648
13650.579,3.78322,51.717764
13660.579,3.78225,51.578859
13670.579,3.78193,51.439979
13680.579,3.78128,51.301087
13690.579,3.78096,51.162211
13700.579,3.78063,51.023316
13710.579,3.77966,50.884445
13720.579,3.77934,50.745545
13730.579,3.77869,50.60665
13740.579,3.77837,50.467757
13750.579,3.77772,50.328851
13760.579,3.7774,50.189972
13770.579,3.77675,50.05107
13780.579,3.77643,49.912172
13790.579,3.77578,49.773287
13800.579,3.77546,49.634397
13810.579,3.77481,49.495543
13820.579,3.77416,49.356647
13830.579,3.77384,49.217753
13840.579,3.77352,49.078869
13850.579,3.77287,48.93998
13860.579,3.77255,48.801084
13870.579,3.7719,48.66218
13880.579,3.77125,48.523288
13890.579,3.77093,48.384401
13900.579,3.77028,48.245521
13910.579,3.76996,48.106621
13920.579,3.76964,47.967739
13930.579,3.76899,47.828888
13940.579,3.76867,47.689986
13950.579,3.76802,47.551082
13960.579,3.7677,47.412186
13970.579,3.76705,47.273269
13980.579,3.76673,47.134366
13990.579,3.7664,46.995482
14000.579,3.76576,46.8566
14010.579,3.76543,46.717712
14020.579,3.76511,46.578831
14030.579,3.76446,46.439941
14040.579,3.76414,46.301086
14050.579,3.76349,46.162206
14060.579,3.76317,46.023337
14070.579,3.76284,45.884463
14080.579,3.7622,45.745581
14090.579,3.76155,45.606701
14100.579,3.76123,45.467806
14110.579,3.7609,45.328915
14120.579,3.76026,45.190032
14130.579,3.76026,45.051156
14140.579,3.75961,44.912269
14150.579,3.75896,44.773368
14160.579,3.75864,44.634483
14170.579,3.75832,44.495594
14180.579,3.75799,44.35671
14190.579,3.75735,44.217803
14200.579,3.75735,44.078941
14210.579,3.75638,43.940076
14220.579,3.75605,43.801188
14230.579,3.75573,43.662301
14240.579,3.75541,43.523399
14250.579,3.75508,43.384508
14260.579,3.75476,43.245617
14270.579,3.75411,43.106734
14280.579,3.75379,42.967863
14290.579,3.75314,42.828986
14300.579,3.75282,42.690115
14310.579,3.75249,42.551222
14320.579,3.75217,42.412334
14330.579,3.75185,42.27344
14340.579,3.7512,42.134575
14350.579,3.75088,41.995703
14360.579,3.75055,41.85682
14370.579,3.75023,41.717938
14380.579,3.74991,41.579043
14390.579,3.74926,41.440163
14400.579,3.74926,41.301265
14410.579,3.74861,41.162374
14420.579,3.74829,41.023479
14430.579,3.74797,40.884582
14440.579,3.74732,40.745693
14450.579,3.74732,40.606801
14460.579,3.74667,40.467888
14470.579,3.74635,40.328998
14480.579,3.74603,40.190126
14490.579,3.74538,40.051238
14500.579,3.74538,39.912333
14510.579,3.74473,39.773416
14520.579,3.74473,39.634523
14530.579,3.74441,39.495623
14540.579,3.74376,39.356729
14550.579,3.74344,39.21786
14560.579,3.74311,39.078991
14570.579,3.74279,38.940093
14580.579,3.74247,38.801225
14590.579,3.74214,38.662317
14600.579,3.74182,38.523465
14610.579,3.7415,38.384558
14620.579,3.74085,38.245669
14630.579,3.74053,38.106775
14640.579,3.7402,37.967875
14650.579,3.73988,37.828956
14660.579,3.73956,37.69004
14670.579,3.73956,37.551161
14680.579,3.73891,37.412268
14690.579,3.73859,37.273373
14700.579,3.73859,37.134493
14710.579,3.73794,36.995588
14720.579,3.73762,36.856682
14730.579,3.73762,36.717805
14740.579,3.73729,36.578935
14750.579,3.73697,36.440032
14760.579,3.73665,36.301154
14770.579,3.73632,36.162276
14780.579,3.73632,36.023392
14790.579,3.73568,35.8845
14800.579,3.73568,35.745601
14810.579,3.73535,35.606725
14820.579,3.73503,35.467838
14830.579,3.73471,35.328936
14840.579,3.73471,35.190065
14850.579,3.73438,35.051172
14860.579,3.73406,34.912276
14870.579,3.73374,34.77475
14880.579,3.73374,34.634464
14890.579,3.73341,34.496952
14900.579,3.73309,34.356705
14910.579,3.73277,34.21782
14920.579,3.73244,34.078939
14930.579,3.73244,33.94005
14940.579,3.73212,33.802547
14950.579,3.73179,33.662296
14960.579,3.73179,33.524808
14970.579,3.73147,33.385919
14980.579,3.73115,33.247029
14990.579,3.73082,33.108105
15000.579,3.7305,32.967827
15010.579,3.73018,32.830313
15020.579,3.72985,32.690032
15030.579,3.72985,32.552535
15040.579,3.72953,32.413652
15050.579,3.72953,32.274776
15060.579,3.72921,32.13585
15070.579,3.72888,31.996961
15080.579,3.72856,31.858063
15090.579,3.72856,31.719204
15100.579,3.72824,31.580272
15110.579,3.72791,31.441357
15120.579,3.72759,31.302477
15130.579,3.72759,31.163574
15140.579,3.72727,31.024709
15150.579,3.72694,30.885819
15160.579,3.72662,30.746929
15170.579,3.72662,30.608015
15180.579,3.72597,30.469104
15190.579,3.72597,30.330221
15200.579,3.72565,30.191323
15210.579,3.72533,30.052438
15220.579,3.72533,29.91351
15230.579,3.725,29.774638
15240.579,3.72468,29.635742
15250.579,3.72403,29.496846
15260.579,3.72403,29.357973
15270.579,3.72371,29.219083
15280.579,3.72339,29.080194
15290.579,3.72306,28.941289
15300.579,3.72274,28.802387
15310.579,3.72241,28.663486
15320.579,3.72209,28.5246
15330.579,3.72209,28.385701
15340.579,3.72144,28.246816
15350.579,3.72112,28.107928
15360.579,3.72112,27.969037
15370.579,3.72047,27.83015
15380.579,3.72015,27.691274
15390.579,3.72015,27.552366
15400.579,3.7195,27.413476
15410.579,3.71918,27.274572
15420.579,3.71886,27.135706
15430.579,3.71853,26.996826
15440.579,3.71821,26.857938
15450.579,3.71821,26.719056
15460.579,3.71756,26.580172
15470.579,3.71692,26.441303
15480.579,3.71692,26.302418
15490.579,3.71627,26.163529
15500.579,3.71595,26.02462
15510.579,3.71562,25.885735
15520.579,3.7153,25.746831
15530.579,3.71465,25.607952
15540.579,3.71433,25.469056
15550.579,3.71401,25.330154
15560.579,3.71368,25.191257
15570.579,3.71304,25.052357
15580.579,3.71271,24.913463
15590.579,3.71239,24.774571
15600.579,3.71174,24.635645
15610.579,3.71142,24.496739
15620.579,3.71109,24.357853
15630.579,3.71045,24.218966
15640.579,3.71012,24.080052
15650.579,3.7098,23.941162
15660.579,3.70883,23.802267
15670.579,3.70883,23.663387
15680.579,3.70818,23.524516
15690.579,3.70754,23.38561
15700.579,3.70721,23.246725
15710.579,3.70689,23.107829
15720.579,3.70624,22.968955
15730.579,3.7056,22.830066
15740.579,3.70527,22.691184
15750.579,3.70463,22.552315
15760.579,3.7043,22.413406
15770.579,3.70366,22.274508
15780.579,3.70301,22.1356
15790.579,3.70236,21.996714
15800.579,3.70204,21.857805
15810.579,3.70139,21.718919
15820.579,3.70075,21.580026
15830.579,3.70042,21.441127
15840.579,3.69977,21.302239
15850.579,3.69945,21.163364
15860.579,3.69913,21.024503
15870.579,3.69848,20.885612
15880.579,3.69783,20.746723
15890.579,3.69719,20.607832
15900.579,3.69654,20.468931
15910.579,3.69622,20.330071
15920.579,3.69557,20.191189
15930.579,3.69492,20.052307
15940.579,3.69428,19.913415
15950.579,3.69363,19.774515
15960.579,3.69331,19.635621
15970.579,3.69266,19.496737
15980.579,3.69201,19.357848
15990.579,3.69137,19.218949
16000.579,3.69072,19.080059
16010.579,3.69007,18.941151
16020.579,3.68975,18.802268
16030.579,3.68878,18.663395
16040.579,3.68813,18.524487
16050.579,3.68748,18.385587
16060.579,3.68684,18.246692
16070.579,3.68619,18.107824
16080.579,3.68554,17.968916
16090.579,3.6849,17.830048
16100.579,3.68425,17.691157
16110.579,3.68328,17.552277
16120.579,3.68263,17.413393
16130.579,3.68199,17.274476
16140.579,3.68102,17.135607
16150.579,3.68037,16.996718
16160.579,3.6794,16.85781
16170.579,3.67875,16.718927
16180.579,3.67778,16.580038
16190.579,3.67713,16.441178
16200.579,3.67616,16.302278
16210.579,3.67552,16.163375
16220.579,3.67455,16.024486
16230.579,3.67358,15.885604
16240.579,3.67325,15.746713
16250.579,3.67261,15.607834
16260.579,3.67196,15.468946
16270.579,3.67131,15.330043
16280.579,3.67067,15.191148
16290.579,3.67034,15.052278
16300.579,3.6697,14.913368
16310.579,3.66905,14.774472
16320.579,3.66873,14.635587
16330.579,3.6684,14.4967
16340.579,3.66775,14.357808
16350.579,3.66743,14.218932
16360.579,3.66711,14.080045
16370.579,3.66646,13.941162
16380.579,3.66614,13.802281
16390.579,3.66581,13.663378
16400.579,3.66549,13.524486
16410.579,3.66484,13.38556
16420.579,3.66484,13.246669
16430.579,3.66452,13.107811
16440.579,3.6642,12.968924
16450.579,3.66387,12.83006
16460.579,3.66355,12.69118
16470.579,3.6629,12.552299
16480.579,3.6629,12.413377
16490.579,3.66226,12.274487
16500.579,3.66193,12.135607
16510.579,3.66161,11.996713
16520.579,3.66096,11.857811
16530.579,3.66064,11.718911
16540.579,3.65999,11.580032
16550.579,3.65999,11.441137
16560.579,3.65935,11.30225
16570.579,3.6587,11.163367
16580.579,3.65838,11.024459
16590.579,3.65805,10.885567
16600.579,3.6574,10.746678
16610.579,3.65676,10.607796
16620.579,3.65643,10.46892
16630.579,3.65546,10.330061
16640.579,3.65514,10.191166
16650.579,3.65417,10.052283
16660.579,3.65352,9.913423
16670.579,3.65255,9.774538
16680.579,3.65191,9.635648
16690.579,3.65126,9.496748
16700.579,3.65029,9.357877
16710.579,3.64932,9.218988
16720.579,3.64835,9.080078
16730.579,3.64705,8.941219
16740.579,3.64608,8.802306
16750.579,3.64479,8.663422
16760.579,3.64317,8.524516
16770.579,3.64188,8.385652
16780.579,3.64026,8.246756
16790.579,3.63832,8.107838
16800.579,3.6367,7.968968
16810.579,3.63476,7.830063
16820.579,3.6325,7.691186
16830.579,3.63024,7.552296
16840.579,3.62765,7.413412
16850.579,3.62506,7.274551
16860.579,3.62247,7.135668
16870.579,3.61924,6.996774
16880.579,3.616,6.857886
16890.579,3.61277,6.719
16900.579,3.60921,6.580103
16910.579,3.60533,6.441214
16920.579,3.60145,6.30233
16930.579,3.59725,6.163429
16940.579,3.59272,6.024539
16950.579,3.58819,5.885658
16960.579,3.58366,5.746774
16970.579,3.57849,5.60788
16980.579,3.57331,5.469013
16990.579,3.56781,5.330109
17000.579,3.56231,5.191219
17010.579,3.55585,5.052346
17020.579,3.5497,4.913478
17030.579,3.54323,4.774594
17040.579,3.53644,4.63569
17050.579,3.52932,4.496807
17060.579,3.52189,4.357931
17070.579,3.5138,4.219024
17080.579,3.50571,4.08013
17090.579,3.49698,3.941249
17100.579,3.48825,3.802381
17110.579,3.47887,3.663482
17120.579,3.46917,3.524586
17130.579,3.45882,3.385711
17140.579,3.4475,3.24681
17150.579,3.43618,3.107919
17160.579,3.42421,2.969025
17170.579,3.41127,2.830163
17180.579,3.39736,2.691271
17190.579,3.38281,2.552397
17200.579,3.36696,2.41352
17210.579,3.34982,2.274627
17220.579,3.33138,2.13575
17230.579,3.31165,1.996831
17240.579,3.28934,1.857952
17250.579,3.26411,1.719084
17260.579,3.23597,1.580221
17270.579,3.20265,1.441332
17280.579,3.16223,1.302434
17290.579,3.10304,1.16353
17300.579,3.00018,1.024637
17310.579,3.07328,1.019106
17320.579,3.09236,1.019102
17330.579,3.10562,1.019094
17340.579,3.11565,1.019105
17350.579,3.12374,1.019108
17360.579,3.13053,1.019094
17370.579,3.13667,1.019088
17380.579,3.14185,1.019079
17390.579,3.1467,1.019069
17400.579,3.15091,1.019078
17410.579,3.15479,1.019069
17420.579,3.15834,1.019063
17430.579,3.16126,1.019071
17440.579,3.16417,1.019069
17450.579,3.16675,1.019073
17460.579,3.16934,1.019069
17470.579,3.17161,1.019102
17480.579,3.17355,1.0191
17490.579,3.17549,1.019088
17500.579,3.17743,1.019105
17510.579,3.17904,1.019083
17520.579,3.18098,1.019106
17530.579,3.1826,1.019106
17540.579,3.18357,1.019104
17550.579,3.18519,1.019117
17560.579,3.18648,1.019103
17570.579,3.18778,1.019094
17580.579,3.18875,1.01909
17590.579,3.19004,1.019103
17600.579,3.19101,1.0191
17610.579,3.19198,1.019122
17620.579,3.19295,1.019147
17630.579,3.19392,1.019131
17640.579,3.19457,1.019138
17650.579,3.19554,1.019158
17660.579,3.19619,1.019145
17670.579,3.19716,1.019144
17680.579,3.1978,1.019153
17690.579,3.19845,1.019148
17700.579,3.1991,1.019155
17710.579,3.19974,1.019159
17720.579,3.20039,1.019135
17730.579,3.20104,1.019142
17740.579,3.20168,1.01915
17750.579,3.20233,1.019149
17760.579,3.20265,1.019161
17770.579,3.20298,1.019133
17780.579,3.20363,1.01912
17790.579,3.20427,1.019121
17800.579,3.2046,1.019128
17810.579,3.20524,1.019124
17820.579,3.20524,1.019129
17830.579,3.20621,1.01913
17840.579,3.20654,1.019133
17850.579,3.20718,1.019131
17860.579,3.20751,1.019146
17870.579,3.20783,1.019137
17880.579,3.20848,1.019137
17890.579,3.20848,1.019158
17900.579,3.20912,1.019158
17910.579,3.20945,1.019158
17920.579,3.20977,1.019145
17930.579,3.21042,1.019146
17940.579,3.21042,1.019145
17950.579,3.21074,1.019137
17960.579,3.21139,1.019133
17970.579,3.21139,1.019119
17980.579,3.21171,1.019121
17990.579,3.21171,1.019138
18000.579,3.21236,1.01913
18010.579,3.21268,1.019111
18020.579,3.21268,1.019109
18030.579,3.21333,1.019114
18040.579,3.21333,1.019106
18050.579,3.21365,1.01912
18060.579,3.21397,1.019104
18070.579,3.2143,1.019101
18080.579,3.2143,1.019075
18090.579,3.21462,1.019059
18100.579,3.21495,1.019048
18110.579,3.21527,1.019039
18120.579,3.21559,1.019061
18130.579,3.21559,1.01906
18140.579,3.21592,1.01905
18150.579,3.21592,1.019066
18160.579,3.21624,1.019061
18170.579,3.21656,1.019063
18180.579,3.21689,1.019036
18190.579,3.21689,1.019053
18200.579,3.21721,1.01905
18210.579,3.21753,1.019039
18220.579,3.21753,1.019044
18230.579,3.21786,1.019029
18240.579,3.21818,1.019026
18250.579,3.21818,1.019032
18260.579,3.21818,1.019026
18270.579,3.2185,1.019033
18280.579,3.2185,1.019035
18290.579,3.21883,1.019034
18300.579,3.21915,1.01904
18310.579,3.21915,1.019038
18320.579,3.21947,1.01904
18330.579,3.2198,1.019028
18340.579,3.2198,1.019021
18350.579,3.22012,1.019026
18360.579,3.22012,1.019028
18370.579,3.22012,1.019035
18380.579,3.22044,1.01905
18390.579,3.22044,1.019055
18400.579,3.22077,1.019055
18410.579,3.22109,1.019056
18420.579,3.22077,1.019036
18430.579,3.22109,1.019025
18440.579,3.22141,1.019009
18450.579,3.22141,1.019009
18460.579,3.22141,1.018999
18470.579,3.22174,1.019006
18480.579,3.22174,1.019012
18490.579,3.22206,1.018997
18500.579,3.22206,1.019015
18510.579,3.22206,1.019003
18520.579,3.22238,1.019024
18530.579,3.22238,1.019016
18540.579,3.22271,1.019008
18550.579,3.22271,1.019001
18560.579,3.22303,1.018986
18570.579,3.22303,1.018979
18580.579,3.22303,1.018976
18590.579,3.22335,1.018969
18600.579,3.22335,1.018965
18610.579,3.22368,1.018968
18620.579,3.22368,1.018982
18630.579,3.224,1.018994
18640.579,3.224,1.018984
18650.579,3.22368,1.018991
18660.579,3.22433,1.019008
18670.579,3.22433,1.019026
18680.579,3.22433,1.019018
18690.579,3.22433,1.019032
18700.579,3.22433,1.019034
18710.579,3.22465,1.019027
18720.579,3.22465,1.019036
18730.579,3.22465,1.019045
18740.579,3.22497,1.019048
18750.579,3.2253,1.019046
18760.579,3.2253,1.019053
18770.579,3.2253,1.019044
18780.579,3.2253,1.019036
18790.579,3.2253,1.019054
18800.579,3.22562,1.019053
18810.579,3.22562,1.019048
18820.579,3.22562,1.019054
18830.579,3.22594,1.019041
18840.579,3.22594,1.019064
18850.579,3.22627,1.019072
18860.579,3.22627,1.019077
18870.579,3.22627,1.019066
18880.579,3.22627,1.01905
18890.579,3.22659,1.01905
18900.579,3.22691,1.019052
18910.579,3.22659,1.019048
18920.579,3.22659,1.01905
18930.579,3.22691,1.019044
18940.579,3.22691,1.019065
18950.579,3.22691,1.019073
18960.579,3.22691,1.019066
18970.579,3.22724,1.019063
18980.579,3.22724,1.019065
18990.579,3.22756,1.019064
19000.579,3.22724,1.019055
19010.579,3.22756,1.019066
19020.579,3.22756,1.019057
19030.579,3.22756,1.019035
19040.579,3.22756,1.019048
19050.579,3.22756,1.01904
19060.579,3.22756,1.019042
19070.579,3.22788,1.019037
19080.579,3.22788,1.019044
19090.579,3.22821,1.019047
19100.579,3.22821,1.01904
