Type,Section Length,Cumulative Length,Radius
Straight,639.158,639.158,0
Right,3.869,643.027,1526.259
Right,3.714,646.741,1004.294
Right,3.561,650.302,807.945
Right,3.411,653.713,741.315
Right,3.278,656.991,644.23
Right,3.147,660.138,480.802
Right,3.039,663.177,313.79
Right,2.936,666.113,191.037
Right,2.853,668.966,127.63
Right,2.758,671.724,91.244
Right,2.678,674.402,68.956
Right,2.592,676.994,55.665
Right,2.514,679.508,48.075
Right,2.428,681.936,42.916
Right,2.356,684.292,39.832
Right,2.283,686.575,35.909
Right,2.211,688.786,33.448
Right,2.136,690.922,31.217
Right,2.075,692.997,26.125
Right,2.031,695.028,24.579
Right,2.019,697.047,29.276
Right,2.003,699.05,25.24
Right,1.958,701.008,24.743
Right,1.917,702.925,26.941
Right,1.9,704.825,24.697
Right,1.908,706.733,23.202
Right,1.931,708.664,29.915
Right,1.964,710.628,41.385
Right,1.992,712.62,91.899
Left,2.014,714.634,165.372
Left,2.028,716.662,59.036
Left,2.025,718.687,34.263
Left,2.011,720.698,28.239
Left,1.989,722.687,25.683
Left,1.958,724.645,25.06
Left,1.925,726.57,23.462
Left,1.892,728.462,23.998
Left,1.864,730.326,22.848
Left,1.842,732.168,24.521
Left,1.825,733.993,22.634
Left,1.825,735.818,24.425
Left,1.833,737.651,22.995
Left,1.856,739.507,25.25
Left,1.878,741.385,24.619
Left,1.914,743.299,26.863
Left,1.958,745.257,26.776
Left,2.014,747.271,30.399
Left,2.058,749.329,34.276
Left,2.106,751.435,37.977
Left,2.172,753.607,40.083
Left,2.247,755.854,45.963
Left,2.319,758.173,57.727
Left,2.394,760.567,61.52
Left,2.503,763.07,74.247
Left,2.608,765.678,110.082
Left,2.697,768.375,154.498
Left,2.781,771.156,183.284
Left,2.872,774.028,233.596
Left,2.972,777,360.208
Left,3.061,780.061,502.731
Left,3.153,783.214,1125.836
Straight,3.242,786.456,0
Right,3.336,789.792,1890.866
Right,3.422,793.214,1193.844
Right,3.508,796.722,896.199
Right,3.592,800.314,939.28
Right,3.672,803.986,808.612
Right,3.744,807.73,752.233
Right,3.806,811.536,671.034
Right,3.867,815.403,564.47
Right,3.922,819.325,475.205
Right,3.989,823.314,450.539
Right,4.058,827.372,441.817
Right,4.122,831.494,455.838
Right,4.183,835.677,482.141
Right,4.244,839.921,496.331
Right,4.308,844.229,473.031
Right,4.367,848.596,431.935
Right,4.428,853.024,399.699
Right,4.489,857.513,366.793
Right,4.547,862.06,369.784
Right,4.603,866.663,385.641
Right,4.661,871.324,410.125
Right,4.719,876.043,428.388
Right,4.772,880.815,438.023
Right,4.817,885.632,437.956
Right,4.856,890.488,407.34
Right,4.897,895.385,400.775
Right,4.942,900.327,401.501
Right,4.986,905.313,415.456
Right,5.033,910.346,437.714
Right,5.078,915.424,469.343
Right,5.122,920.546,495.284
Right,5.167,925.713,533.558
Right,5.211,930.924,576.701
Right,5.256,936.18,599.06
Right,5.297,941.477,608.597
Right,5.339,946.816,581.116
Right,5.381,952.197,556.813
Right,5.422,957.619,554.999
Right,5.467,963.086,574.778
Right,5.508,968.594,606.459
Right,5.544,974.138,652.839
Right,5.586,979.724,691.5
Right,5.625,985.349,701.162
Right,5.664,991.013,641.195
Right,5.703,996.716,625.501
Right,5.739,1002.455,610.413
Right,5.772,1008.227,628.96
Right,5.794,1014.021,611.176
Right,5.808,1019.829,625.275
Right,5.828,1025.657,629.469
Right,5.858,1031.515,603.186
Right,5.892,1037.407,570.71
Right,5.922,1043.329,510.743
Right,5.953,1049.282,475.288
Right,5.983,1055.265,439.683
Right,6.017,1061.282,419.334
Right,6.047,1067.329,405.187
Right,6.075,1073.404,404.521
Right,6.106,1079.51,391.751
Right,6.133,1085.643,383.464
Right,6.164,1091.807,368.851
Right,6.189,1097.996,351.749
Right,6.217,1104.213,342.569
Right,6.247,1110.46,340.031
Right,6.269,1116.729,339.553
Right,6.294,1123.023,336.562
Right,6.322,1129.345,342.392
Right,6.347,1135.692,348.03
Right,6.375,1142.067,336.811
Right,6.394,1148.461,325.632
Right,6.422,1154.883,313.759
Right,6.447,1161.33,307.042
Right,6.469,1167.799,290.234
Right,6.494,1174.293,284.733
Right,6.517,1180.81,286.685
Right,6.539,1187.349,294.495
Right,6.558,1193.907,290.363
Right,6.581,1200.488,300.289
Right,6.603,1207.091,315.185
Right,6.622,1213.713,321.606
Right,6.636,1220.349,327.671
Right,6.661,1227.01,330.144
Right,6.672,1233.682,336.154
Right,6.686,1240.368,325.499
Right,6.7,1247.068,313.421
Right,6.711,1253.779,306.076
Right,6.733,1260.512,308.106
Right,6.747,1267.259,313.559
Right,6.758,1274.017,332.569
Right,6.778,1280.795,346.874
Right,6.794,1287.589,359.226
Right,6.814,1294.403,369.752
Right,6.828,1301.231,368.383
Right,6.842,1308.073,364.237
Right,6.861,1314.934,366.31
Right,6.872,1321.806,364.713
Right,6.889,1328.695,369.282
Right,6.903,1335.598,373.625
Right,6.919,1342.517,375.431
Right,6.933,1349.45,382.829
Right,6.95,1356.4,387.701
Right,6.961,1363.361,382.912
Right,6.975,1370.336,375.704
Right,6.989,1377.325,383.005
Right,7.003,1384.328,390.537
Right,7.014,1391.342,397.996
Right,7.028,1398.37,409.319
Right,7.042,1405.412,424.752
Right,7.053,1412.465,433.377
Right,7.064,1419.529,442.304
Right,7.078,1426.607,455.939
Right,7.089,1433.696,478.744
Right,7.1,1440.796,494.099
Right,7.114,1447.91,496.034
Right,7.122,1455.032,492.462
Right,7.133,1462.165,494
Right,7.15,1469.315,501.083
Right,7.161,1476.476,507.522
Right,7.169,1483.645,540.17
Right,7.181,1490.826,583.989
Right,7.186,1498.012,634.221
Right,7.2,1505.212,686.286
Right,7.211,1512.423,736.212
Right,7.222,1519.645,770.59
Right,7.231,1526.876,845.929
Right,7.242,1534.118,937.85
Right,7.256,1541.374,1095.157
Right,7.264,1548.638,1344.65
Right,7.272,1555.91,1633.621
Straight,283.808,1839.718,0
Left,4.297,1844.015,1568.648
Left,4.139,1848.154,1247.299
Left,3.983,1852.137,851.277
Left,3.839,1855.976,600.9
Left,3.706,1859.682,399.917
Left,3.575,1863.257,245.814
Left,3.436,1866.693,182.357
Left,3.297,1869.99,116.655
Left,3.119,1873.109,86.256
Left,2.925,1876.034,66.575
Left,2.733,1878.767,55.187
Left,2.419,1881.186,40.048
Left,2.344,1883.53,36.382
Left,2.475,1886.005,41.081
Left,2.586,1888.591,43.424
Left,2.594,1891.185,43.427
Left,2.581,1893.766,43.795
Left,2.586,1896.352,44.852
Left,2.553,1898.905,43.993
Left,2.525,1901.43,41.93
Left,2.511,1903.941,43.727
Left,2.511,1906.452,39.924
Left,2.522,1908.974,42.109
Left,2.536,1911.51,44.602
Left,2.567,1914.077,67.832
Left,2.619,1916.696,139.888
Right,2.708,1919.404,241.198
Right,2.8,1922.204,87.822
Right,2.842,1925.046,59.219
Right,2.842,1927.888,49.888
Right,2.822,1930.71,49.207
Right,2.808,1933.518,51.207
Right,2.828,1936.346,51.918
Right,2.85,1939.196,48.705
Right,2.9,1942.096,53.918
Right,2.944,1945.04,55.935
Right,2.992,1948.032,55.972
Right,3.028,1951.06,58.774
Right,3.089,1954.149,67.076
Right,3.156,1957.305,69.05
Right,3.219,1960.524,71.875
Right,3.278,1963.802,86.236
Right,3.336,1967.138,96.967
Right,3.403,1970.541,113.492
Right,3.472,1974.013,153.623
Right,3.539,1977.552,223.97
Right,3.597,1981.149,338.221
Right,3.661,1984.81,803.726
Straight,3.731,1988.541,0
Left,3.792,1992.333,915.949
Left,3.847,1996.18,628.658
Left,3.908,2000.088,502.288
Left,3.978,2004.066,460.833
Left,4.047,2008.113,491.096
Left,4.111,2012.224,506.723
Left,4.178,2016.402,539.148
Left,4.242,2020.644,591.619
Left,4.308,2024.952,727.74
Left,4.372,2029.324,847.242
Left,4.433,2033.757,954.053
Left,4.494,2038.251,1143.959
Left,4.558,2042.809,1245.932
Left,4.617,2047.426,1357.901
Left,4.669,2052.095,1481.734
Left,4.714,2056.809,1510.075
Left,4.756,2061.565,1773.332
Left,4.803,2066.368,1959.452
Straight,105.844,2172.212,0
Right,5.733,2177.945,1763.566
Right,5.769,2183.714,1475.269
Right,5.797,2189.511,1105.119
Right,5.814,2195.325,650.113
Right,5.828,2201.153,443.856
Right,5.833,2206.986,327.234
Right,5.833,2212.819,249.546
Right,5.797,2218.616,207.628
Right,5.708,2224.324,184.534
Right,5.583,2229.907,165.507
Right,5.458,2235.365,149.608
Right,5.333,2240.698,144.977
Right,5.203,2245.901,139.359
Right,5.097,2250.998,132.424
Right,4.975,2255.973,115.205
Right,4.886,2260.859,105.811
Right,4.8,2265.659,98.682
Right,4.711,2270.37,90.498
Right,4.633,2275.003,85.483
Right,4.575,2279.578,91.18
Right,4.533,2284.111,98.817
Right,4.475,2288.586,95.838
Right,4.428,2293.014,90.022
Right,4.414,2297.428,91.943
Right,4.381,2301.809,87.326
Right,4.331,2306.14,82.401
Right,4.294,2310.434,81.383
Right,4.3,2314.734,85.286
Right,4.333,2319.067,85.073
Right,4.381,2323.448,84.314
Right,4.417,2327.865,86.833
Right,4.447,2332.312,85.791
Right,4.478,2336.79,88.48
Right,4.508,2341.298,88.165
Right,4.542,2345.84,91.418
Right,4.564,2350.404,88.469
Right,4.603,2355.007,90.739
Right,4.647,2359.654,92.5
Right,4.697,2364.351,99.08
Right,4.733,2369.084,105.246
Right,4.764,2373.848,119.866
Right,4.811,2378.659,139.616
Right,4.858,2383.517,161.48
Right,4.908,2388.425,184.649
Right,4.95,2393.375,211.67
Right,4.992,2398.367,244.224
Right,5.028,2403.395,303.155
Right,5.058,2408.453,389.288
Right,5.092,2413.545,562.281
Right,5.142,2418.687,929.268
Right,5.2,2423.887,1722.732
Straight,10.517,2434.404,0
Left,5.314,2439.718,1799.02
Left,5.356,2445.074,1218.229
Left,5.394,2450.468,1022.884
Left,5.433,2455.901,911.905
Left,5.475,2461.376,898.712
Left,5.519,2466.895,1070.838
Left,5.561,2472.456,1313.539
Left,5.603,2478.059,1684.163
Straight,75.011,2553.07,0
Right,5.386,2558.456,1971.471
Right,5.2,2563.656,1148.488
Right,5.019,2568.675,546.442
Right,4.875,2573.55,327.377
Right,4.725,2578.275,214.698
Right,4.631,2582.906,161.906
Right,4.514,2587.42,131.455
Right,4.425,2591.845,114.712
Right,4.35,2596.195,102.601
Right,4.3,2600.495,98.681
Right,4.261,2604.756,89.414
Right,4.231,2608.987,82.928
Right,4.2,2613.187,78.867
Right,4.175,2617.362,77.931
Right,4.153,2621.515,78.832
Right,4.133,2625.648,73.174
Right,4.139,2629.787,75.923
Right,4.158,2633.945,75.977
Right,4.181,2638.126,76.462
Right,4.197,2642.323,75.138
Right,4.236,2646.559,85.478
Right,4.272,2650.831,88.177
Right,4.317,2655.148,96.419
Right,4.356,2659.504,105.099
Right,4.394,2663.898,120.768
Right,4.447,2668.345,138.088
Right,4.506,2672.851,142.712
Right,4.55,2677.401,180.372
Right,4.586,2681.987,196.695
Right,4.622,2686.609,209.411
Right,4.664,2691.273,254.864
Right,4.722,2695.995,420.95
Right,4.778,2700.773,541.146
Right,4.831,2705.604,1251.906
Straight,207.625,2913.229,0
Left,6.242,2919.471,1985.647
Left,6.267,2925.738,1601.269
Left,6.294,2932.032,1346.246
Left,6.319,2938.351,1197.319
Left,6.347,2944.698,1140.764
Left,6.372,2951.07,1118.693
Left,6.4,2957.47,1128.468
Left,6.425,2963.895,1202.29
Left,6.453,2970.348,1248.376
Left,6.478,2976.826,1156.063
Left,6.503,2983.329,1105.259
Left,6.525,2989.854,1058.542
Left,6.547,2996.401,949.921
Left,6.569,3002.97,936.031
Left,6.594,3009.564,963.673
Left,6.617,3016.181,1014.278
Left,6.636,3022.817,1020.248
Left,6.653,3029.47,1074.206
Left,6.664,3036.134,1131.687
Left,6.681,3042.815,1166.518
Left,6.697,3049.512,1115.158
Left,6.717,3056.229,1121.643
Left,6.736,3062.965,1156.35
Left,6.753,3069.718,1191.877
Left,6.772,3076.49,1263.548
Left,6.792,3083.282,1516.778
Left,6.811,3090.093,1818.836
Straight,532.419,3622.512,0
Left,5.436,3627.948,1369.257
Left,5.264,3633.212,807.005
Left,5.114,3638.326,579.53
Left,5,3643.326,411.035
Left,4.886,3648.212,282.982
Left,4.756,3652.968,205.833
Left,4.622,3657.59,154.459
Left,4.456,3662.046,124.916
Left,4.225,3666.271,100.532
Left,4.122,3670.393,91.168
Left,4.153,3674.546,91.56
Left,4.231,3678.777,94.042
Left,4.214,3682.991,90.054
Left,4.169,3687.16,89.5
Left,4.125,3691.285,96.362
Left,4.086,3695.371,91.998
Left,4.061,3699.432,97.744
Left,4.042,3703.474,95.698
Left,4.061,3707.535,98.894
Left,4.103,3711.638,90.309
Left,4.15,3715.788,94.898
Left,4.183,3719.971,95.91
Left,4.233,3724.204,104.99
Left,4.289,3728.493,116.465
Left,4.353,3732.846,165.074
Left,4.422,3737.268,332.247
Straight,4.497,3741.765,0
Right,4.558,3746.323,306.969
Right,4.617,3750.94,172.432
Right,4.667,3755.607,137.886
Right,4.717,3760.324,122.583
Right,4.758,3765.082,117.756
Right,4.797,3769.879,123.469
Right,4.817,3774.696,111.555
Right,4.858,3779.554,119.704
Right,4.886,3784.44,115.339
Right,4.917,3789.357,112.52
Right,4.942,3794.299,105.928
Right,5,3799.299,113.769
Right,5.028,3804.327,108.27
Right,5.056,3809.383,112.3
Right,5.089,3814.472,113.786
Right,5.131,3819.603,118.728
Right,5.169,3824.772,124.957
Right,5.206,3829.978,140.932
Right,5.239,3835.217,190.323
Right,5.269,3840.486,358.289
Straight,5.297,3845.783,0
Left,5.328,3851.111,490.423
Left,5.358,3856.469,241.883
Left,5.394,3861.863,187.745
Left,5.417,3867.28,160.799
Left,5.456,3872.736,154.008
Left,5.478,3878.214,139.668
Left,5.497,3883.711,142.615
Left,5.511,3889.222,136.994
Left,5.547,3894.769,139.412
Left,5.581,3900.35,142.358
Left,5.603,3905.953,157.631
Left,5.631,3911.584,164.884
Left,5.661,3917.245,180.491
Left,5.697,3922.942,199.319
Left,5.725,3928.667,214.169
Left,5.753,3934.42,231.065
Left,5.789,3940.209,258.79
Left,5.822,3946.031,287.957
Left,5.858,3951.889,353.382
Left,5.892,3957.781,436.84
Left,5.922,3963.703,525.765
Left,5.95,3969.653,707.611
Left,5.978,3975.631,984.484
Left,6.008,3981.639,1314.259
Straight,809.319,4790.958,0
Right,6.919,4797.877,1435.471
Right,6.711,4804.588,936.966
Right,6.533,4811.121,630.596
Right,6.356,4817.477,420.157
Right,6.2,4823.677,310.988
Right,6.042,4829.719,248.058
Right,5.886,4835.605,202.973
Right,5.739,4841.344,177.633
Right,5.594,4846.938,157.162
Right,5.486,4852.424,144.039
Right,5.369,4857.793,132.384
Right,5.256,4863.049,122.417
Right,5.147,4868.196,115.415
Right,5.042,4873.238,109.328
Right,4.961,4878.199,107.679
Right,4.861,4883.06,101.637
Right,4.767,4887.827,97.316
Right,4.664,4892.491,92.388
Right,4.583,4897.074,92.301
Right,4.522,4901.596,89.088
Right,4.464,4906.06,87.932
Right,4.411,4910.471,85.865
Right,4.364,4914.835,85.517
Right,4.325,4919.16,84
Right,4.306,4923.466,83.246
Right,4.294,4927.76,84.682
Right,4.292,4932.052,86.922
Right,4.289,4936.341,85.231
Right,4.308,4940.649,86.795
Right,4.339,4944.988,88.03
Right,4.369,4949.357,88.063
Right,4.394,4953.751,88.672
Right,4.414,4958.165,88.66
Right,4.433,4962.598,89.442
Right,4.456,4967.054,91.155
Right,4.464,4971.518,89.877
Right,4.475,4975.993,91.132
Right,4.492,4980.485,91.812
Right,4.517,4985.002,93.673
Right,4.561,4989.563,92.606
Right,4.608,4994.171,96.643
Right,4.664,4998.835,98.987
Right,4.711,5003.546,105.23
Right,4.75,5008.296,107.979
Right,4.789,5013.085,118.069
Right,4.836,5017.921,124.822
Right,4.881,5022.802,132.684
Right,4.925,5027.727,139.692
Right,4.969,5032.696,148.08
Right,5.011,5037.707,152.367
Right,5.058,5042.765,160.014
Right,5.103,5047.868,165.892
Right,5.144,5053.012,170.746
Right,5.183,5058.195,176.692
Right,5.225,5063.42,179.544
Right,5.267,5068.687,181.25
Right,5.308,5073.995,182.956
Right,5.35,5079.345,185.84
Right,5.389,5084.734,183.867
Right,5.431,5090.165,186.721
Right,5.469,5095.634,190.589
Right,5.506,5101.14,190.73
Right,5.542,5106.682,192.054
Right,5.581,5112.263,195.962
Right,5.619,5117.882,201.186
Right,5.653,5123.535,203.58
Right,5.681,5129.216,210.857
Right,5.7,5134.916,215.06
Right,5.725,5140.641,222.736
Right,5.756,5146.397,231.288
Right,5.789,5152.186,238.883
Right,5.819,5158.005,243.112
Right,5.85,5163.855,254.637
Right,5.883,5169.738,265.293
Right,5.911,5175.649,271.893
Right,5.939,5181.588,283.099
Right,5.972,5187.56,293.212
Right,5.997,5193.557,298.075
Right,6.025,5199.582,303.309
Right,6.056,5205.638,314.117
Right,6.086,5211.724,325.501
Right,6.111,5217.835,336.894
Right,6.139,5223.974,349.235
Right,6.167,5230.141,362.283
Right,6.194,5236.335,372.517
Right,6.222,5242.557,390.752
Right,6.247,5248.804,418.776
Right,6.272,5255.076,466.311
Right,6.297,5261.373,524.975
Right,6.325,5267.698,647.309
Right,6.35,5274.048,761.175
Right,6.375,5280.423,963.436
Right,6.397,5286.82,1191.916
Right,6.425,5293.245,1618.467
Right,6.45,5299.695,1843.837
Straight,65.803,5365.498,0
Right,6.686,5372.184,1898.746
Right,6.697,5378.881,1905.062
Straight,33.739,5412.62,0
Right,6.8,5419.42,1812.907
Right,6.819,5426.239,1693.055
Right,6.836,5433.075,1701.34
Right,6.85,5439.925,1771.529
Right,6.867,5446.792,1922.573
Straight,20.7,5467.492,0
Right,6.933,5474.425,1960.086
Straight,280.697,5755.122,0
,639.158,6394.28,0
,3.869,6398.149,1526.259
,3.714,6401.863,1004.294
,3.561,6405.424,807.945
,3.411,6408.835,741.315
,3.278,6412.113,644.23
,3.147,6415.26,480.802
,3.039,6418.299,313.79
,2.936,6421.235,191.037
,2.853,6424.088,127.63
,2.758,6426.846,91.244
,2.678,6429.524,68.956
,2.592,6432.116,55.665
,2.514,6434.63,48.075
,2.428,6437.058,42.916
,2.356,6439.414,39.832
,2.283,6441.697,35.909
,2.211,6443.908,33.448
,2.136,6446.044,31.217
,2.075,6448.119,26.125
,2.031,6450.15,24.579
,2.019,6452.169,29.276
,2.003,6454.172,25.24
,1.958,6456.13,24.743
,1.917,6458.047,26.941
,1.9,6459.947,24.697
,1.908,6461.855,23.202
,1.931,6463.786,29.915
,1.964,6465.75,41.385
,1.992,6467.742,91.899
,2.014,6469.756,165.372
,2.028,6471.784,59.036
,2.025,6473.809,34.263
,2.011,6475.82,28.239
,1.989,6477.809,25.683
,1.958,6479.767,25.06
,1.925,6481.692,23.462
,1.892,6483.584,23.998
,1.864,6485.448,22.848
,1.842,6487.29,24.521
,1.825,6489.115,22.634
,1.825,6490.94,24.425
,1.833,6492.773,22.995
,1.856,6494.629,25.25
,1.878,6496.507,24.619
,1.914,6498.421,26.863
,1.958,6500.379,26.776
,2.014,6502.393,30.399
,2.058,6504.451,34.276
,2.106,6506.557,37.977
,2.172,6508.729,40.083
,2.247,6510.976,45.963
,2.319,6513.295,57.727
,2.394,6515.689,61.52
,2.503,6518.192,74.247
,2.608,6520.8,110.082
,2.697,6523.497,154.498
,2.781,6526.278,183.284
,2.872,6529.15,233.596
,2.972,6532.122,360.208
,3.061,6535.183,502.731
,3.153,6538.336,1125.836
,3.242,6541.578,0
,3.336,6544.914,1890.866
,3.422,6548.336,1193.844
,3.508,6551.844,896.199
,3.592,6555.436,939.28
,3.672,6559.108,808.612
,3.744,6562.852,752.233
,3.806,6566.658,671.034
,3.867,6570.525,564.47
,3.922,6574.447,475.205
,3.989,6578.436,450.539
,4.058,6582.494,441.817
,4.122,6586.616,455.838
,4.183,6590.799,482.141
,4.244,6595.043,496.331
,4.308,6599.351,473.031
,4.367,6603.718,431.935
,4.428,6608.146,399.699
,4.489,6612.635,366.793
,4.547,6617.182,369.784
,4.603,6621.785,385.641
,4.661,6626.446,410.125
,4.719,6631.165,428.388
,4.772,6635.937,438.023
,4.817,6640.754,437.956
,4.856,6645.61,407.34
,4.897,6650.507,400.775
,4.942,6655.449,401.501
,4.986,6660.435,415.456
,5.033,6665.468,437.714
,5.078,6670.546,469.343
,5.122,6675.668,495.284
,5.167,6680.835,533.558
,5.211,6686.046,576.701
,5.256,6691.302,599.06
,5.297,6696.599,608.597
,5.339,6701.938,581.116
,5.381,6707.319,556.813
,5.422,6712.741,554.999
,5.467,6718.208,574.778
,5.508,6723.716,606.459
,5.544,6729.26,652.839
,5.586,6734.846,691.5
,5.625,6740.471,701.162
,5.664,6746.135,641.195
,5.703,6751.838,625.501
,5.739,6757.577,610.413
,5.772,6763.349,628.96
,5.794,6769.143,611.176
,5.808,6774.951,625.275
,5.828,6780.779,629.469
,5.858,6786.637,603.186
,5.892,6792.529,570.71
,5.922,6798.451,510.743
,5.953,6804.404,475.288
,5.983,6810.387,439.683
,6.017,6816.404,419.334
,6.047,6822.451,405.187
,6.075,6828.526,404.521
,6.106,6834.632,391.751
,6.133,6840.765,383.464
,6.164,6846.929,368.851
,6.189,6853.118,351.749
,6.217,6859.335,342.569
,6.247,6865.582,340.031
,6.269,6871.851,339.553
,6.294,6878.145,336.562
,6.322,6884.467,342.392
,6.347,6890.814,348.03
,6.375,6897.189,336.811
,6.394,6903.583,325.632
,6.422,6910.005,313.759
,6.447,6916.452,307.042
,6.469,6922.921,290.234
,6.494,6929.415,284.733
,6.517,6935.932,286.685
,6.539,6942.471,294.495
,6.558,6949.029,290.363
,6.581,6955.61,300.289
,6.603,6962.213,315.185
,6.622,6968.835,321.606
,6.636,6975.471,327.671
,6.661,6982.132,330.144
,6.672,6988.804,336.154
,6.686,6995.49,325.499
,6.7,7002.19,313.421
,6.711,7008.901,306.076
,6.733,7015.634,308.106
,6.747,7022.381,313.559
,6.758,7029.139,332.569
,6.778,7035.917,346.874
,6.794,7042.711,359.226
,6.814,7049.525,369.752
,6.828,7056.353,368.383
,6.842,7063.195,364.237
,6.861,7070.056,366.31
,6.872,7076.928,364.713
,6.889,7083.817,369.282
,6.903,7090.72,373.625
,6.919,7097.639,375.431
,6.933,7104.572,382.829
,6.95,7111.522,387.701
,6.961,7118.483,382.912
,6.975,7125.458,375.704
,6.989,7132.447,383.005
,7.003,7139.45,390.537
,7.014,7146.464,397.996
,7.028,7153.492,409.319
,7.042,7160.534,424.752
,7.053,7167.587,433.377
,7.064,7174.651,442.304
,7.078,7181.729,455.939
,7.089,7188.818,478.744
,7.1,7195.918,494.099
,7.114,7203.032,496.034
,7.122,7210.154,492.462
,7.133,7217.287,494
,7.15,7224.437,501.083
,7.161,7231.598,507.522
,7.169,7238.767,540.17
,7.181,7245.948,583.989
,7.186,7253.134,634.221
,7.2,7260.334,686.286
,7.211,7267.545,736.212
,7.222,7274.767,770.59
,7.231,7281.998,845.929
,7.242,7289.24,937.85
,7.256,7296.496,1095.157
,7.264,7303.76,1344.65
,7.272,7311.032,1633.621
,283.808,7594.84,0
,4.297,7599.137,1568.648
,4.139,7603.276,1247.299
,3.983,7607.259,851.277
,3.839,7611.098,600.9
,3.706,7614.804,399.917
,3.575,7618.379,245.814
,3.436,7621.815,182.357
,3.297,7625.112,116.655
,3.119,7628.231,86.256
,2.925,7631.156,66.575
,2.733,7633.889,55.187
,2.419,7636.308,40.048
,2.344,7638.652,36.382
,2.475,7641.127,41.081
,2.586,7643.713,43.424
,2.594,7646.307,43.427
,2.581,7648.888,43.795
,2.586,7651.474,44.852
,2.553,7654.027,43.993
,2.525,7656.552,41.93
,2.511,7659.063,43.727
,2.511,7661.574,39.924
,2.522,7664.096,42.109
,2.536,7666.632,44.602
,2.567,7669.199,67.832
,2.619,7671.818,139.888
,2.708,7674.526,241.198
,2.8,7677.326,87.822
,2.842,7680.168,59.219
,2.842,7683.01,49.888
,2.822,7685.832,49.207
,2.808,7688.64,51.207
,2.828,7691.468,51.918
,2.85,7694.318,48.705
,2.9,7697.218,53.918
,2.944,7700.162,55.935
,2.992,7703.154,55.972
,3.028,7706.182,58.774
,3.089,7709.271,67.076
,3.156,7712.427,69.05
,3.219,7715.646,71.875
,3.278,7718.924,86.236
,3.336,7722.26,96.967
,3.403,7725.663,113.492
,3.472,7729.135,153.623
,3.539,7732.674,223.97
,3.597,7736.271,338.221
,3.661,7739.932,803.726
,3.731,7743.663,0
,3.792,7747.455,915.949
,3.847,7751.302,628.658
,3.908,7755.21,502.288
,3.978,7759.188,460.833
,4.047,7763.235,491.096
,4.111,7767.346,506.723
,4.178,7771.524,539.148
,4.242,7775.766,591.619
,4.308,7780.074,727.74
,4.372,7784.446,847.242
,4.433,7788.879,954.053
,4.494,7793.373,1143.959
,4.558,7797.931,1245.932
,4.617,7802.548,1357.901
,4.669,7807.217,1481.734
,4.714,7811.931,1510.075
,4.756,7816.687,1773.332
,4.803,7821.49,1959.452
,105.844,7927.334,0
,5.733,7933.067,1763.566
,5.769,7938.836,1475.269
,5.797,7944.633,1105.119
,5.814,7950.447,650.113
,5.828,7956.275,443.856
,5.833,7962.108,327.234
,5.833,7967.941,249.546
,5.797,7973.738,207.628
,5.708,7979.446,184.534
,5.583,7985.029,165.507
,5.458,7990.487,149.608
,5.333,7995.82,144.977
,5.203,8001.023,139.359
,5.097,8006.12,132.424
,4.975,8011.095,115.205
,4.886,8015.981,105.811
,4.8,8020.781,98.682
,4.711,8025.492,90.498
,4.633,8030.125,85.483
,4.575,8034.7,91.18
,4.533,8039.233,98.817
,4.475,8043.708,95.838
,4.428,8048.136,90.022
,4.414,8052.55,91.943
,4.381,8056.931,87.326
,4.331,8061.262,82.401
,4.294,8065.556,81.383
,4.3,8069.856,85.286
,4.333,8074.189,85.073
,4.381,8078.57,84.314
,4.417,8082.987,86.833
,4.447,8087.434,85.791
,4.478,8091.912,88.48
,4.508,8096.42,88.165
,4.542,8100.962,91.418
,4.564,8105.526,88.469
,4.603,8110.129,90.739
,4.647,8114.776,92.5
,4.697,8119.473,99.08
,4.733,8124.206,105.246
,4.764,8128.97,119.866
,4.811,8133.781,139.616
,4.858,8138.639,161.48
,4.908,8143.547,184.649
,4.95,8148.497,211.67
,4.992,8153.489,244.224
,5.028,8158.517,303.155
,5.058,8163.575,389.288
,5.092,8168.667,562.281
,5.142,8173.809,929.268
,5.2,8179.009,1722.732
,10.517,8189.526,0
,5.314,8194.84,1799.02
,5.356,8200.196,1218.229
,5.394,8205.59,1022.884
,5.433,8211.023,911.905
,5.475,8216.498,898.712
,5.519,8222.017,1070.838
,5.561,8227.578,1313.539
,5.603,8233.181,1684.163
,75.011,8308.192,0
,5.386,8313.578,1971.471
,5.2,8318.778,1148.488
,5.019,8323.797,546.442
,4.875,8328.672,327.377
,4.725,8333.397,214.698
,4.631,8338.028,161.906
,4.514,8342.542,131.455
,4.425,8346.967,114.712
,4.35,8351.317,102.601
,4.3,8355.617,98.681
,4.261,8359.878,89.414
,4.231,8364.109,82.928
,4.2,8368.309,78.867
,4.175,8372.484,77.931
,4.153,8376.637,78.832
,4.133,8380.77,73.174
,4.139,8384.909,75.923
,4.158,8389.067,75.977
,4.181,8393.248,76.462
,4.197,8397.445,75.138
,4.236,8401.681,85.478
,4.272,8405.953,88.177
,4.317,8410.27,96.419
,4.356,8414.626,105.099
,4.394,8419.02,120.768
,4.447,8423.467,138.088
,4.506,8427.973,142.712
,4.55,8432.523,180.372
,4.586,8437.109,196.695
,4.622,8441.731,209.411
,4.664,8446.395,254.864
,4.722,8451.117,420.95
,4.778,8455.895,541.146
,4.831,8460.726,1251.906
,207.625,8668.351,0
,6.242,8674.593,1985.647
,6.267,8680.86,1601.269
,6.294,8687.154,1346.246
,6.319,8693.473,1197.319
,6.347,8699.82,1140.764
,6.372,8706.192,1118.693
,6.4,8712.592,1128.468
,6.425,8719.017,1202.29
,6.453,8725.47,1248.376
,6.478,8731.948,1156.063
,6.503,8738.451,1105.259
,6.525,8744.976,1058.542
,6.547,8751.523,949.921
,6.569,8758.092,936.031
,6.594,8764.686,963.673
,6.617,8771.303,1014.278
,6.636,8777.939,1020.248
,6.653,8784.592,1074.206
,6.664,8791.256,1131.687
,6.681,8797.937,1166.518
,6.697,8804.634,1115.158
,6.717,8811.351,1121.643
,6.736,8818.087,1156.35
,6.753,8824.84,1191.877
,6.772,8831.612,1263.548
,6.792,8838.404,1516.778
,6.811,8845.215,1818.836
,532.419,9377.634,0
,5.436,9383.07,1369.257
,5.264,9388.334,807.005
,5.114,9393.448,579.53
,5,9398.448,411.035
,4.886,9403.334,282.982
,4.756,9408.09,205.833
,4.622,9412.712,154.459
,4.456,9417.168,124.916
,4.225,9421.393,100.532
,4.122,9425.515,91.168
,4.153,9429.668,91.56
,4.231,9433.899,94.042
,4.214,9438.113,90.054
,4.169,9442.282,89.5
,4.125,9446.407,96.362
,4.086,9450.493,91.998
,4.061,9454.554,97.744
,4.042,9458.596,95.698
,4.061,9462.657,98.894
,4.103,9466.76,90.309
,4.15,9470.91,94.898
,4.183,9475.093,95.91
,4.233,9479.326,104.99
,4.289,9483.615,116.465
,4.353,9487.968,165.074
,4.422,9492.39,332.247
,4.497,9496.887,0
,4.558,9501.445,306.969
,4.617,9506.062,172.432
,4.667,9510.729,137.886
,4.717,9515.446,122.583
,4.758,9520.204,117.756
,4.797,9525.001,123.469
,4.817,9529.818,111.555
,4.858,9534.676,119.704
,4.886,9539.562,115.339
,4.917,9544.479,112.52
,4.942,9549.421,105.928
,5,9554.421,113.769
,5.028,9559.449,108.27
,5.056,9564.505,112.3
,5.089,9569.594,113.786
,5.131,9574.725,118.728
,5.169,9579.894,124.957
,5.206,9585.1,140.932
,5.239,9590.339,190.323
,5.269,9595.608,358.289
,5.297,9600.905,0
,5.328,9606.233,490.423
,5.358,9611.591,241.883
,5.394,9616.985,187.745
,5.417,9622.402,160.799
,5.456,9627.858,154.008
,5.478,9633.336,139.668
,5.497,9638.833,142.615
,5.511,9644.344,136.994
,5.547,9649.891,139.412
,5.581,9655.472,142.358
,5.603,9661.075,157.631
,5.631,9666.706,164.884
,5.661,9672.367,180.491
,5.697,9678.064,199.319
,5.725,9683.789,214.169
,5.753,9689.542,231.065
,5.789,9695.331,258.79
,5.822,9701.153,287.957
,5.858,9707.011,353.382
,5.892,9712.903,436.84
,5.922,9718.825,525.765
,5.95,9724.775,707.611
,5.978,9730.753,984.484
,6.008,9736.761,1314.259
,809.319,10546.08,0
,6.919,10552.999,1435.471
,6.711,10559.71,936.966
,6.533,10566.243,630.596
,6.356,10572.599,420.157
,6.2,10578.799,310.988
,6.042,10584.841,248.058
,5.886,10590.727,202.973
,5.739,10596.466,177.633
,5.594,10602.06,157.162
,5.486,10607.546,144.039
,5.369,10612.915,132.384
,5.256,10618.171,122.417
,5.147,10623.318,115.415
,5.042,10628.36,109.328
,4.961,10633.321,107.679
,4.861,10638.182,101.637
,4.767,10642.949,97.316
,4.664,10647.613,92.388
,4.583,10652.196,92.301
,4.522,10656.718,89.088
,4.464,10661.182,87.932
,4.411,10665.593,85.865
,4.364,10669.957,85.517
,4.325,10674.282,84
,4.306,10678.588,83.246
,4.294,10682.882,84.682
,4.292,10687.174,86.922
,4.289,10691.463,85.231
,4.308,10695.771,86.795
,4.339,10700.11,88.03
,4.369,10704.479,88.063
,4.394,10708.873,88.672
,4.414,10713.287,88.66
,4.433,10717.72,89.442
,4.456,10722.176,91.155
,4.464,10726.64,89.877
,4.475,10731.115,91.132
,4.492,10735.607,91.812
,4.517,10740.124,93.673
,4.561,10744.685,92.606
,4.608,10749.293,96.643
,4.664,10753.957,98.987
,4.711,10758.668,105.23
,4.75,10763.418,107.979
,4.789,10768.207,118.069
,4.836,10773.043,124.822
,4.881,10777.924,132.684
,4.925,10782.849,139.692
,4.969,10787.818,148.08
,5.011,10792.829,152.367
,5.058,10797.887,160.014
,5.103,10802.99,165.892
,5.144,10808.134,170.746
,5.183,10813.317,176.692
,5.225,10818.542,179.544
,5.267,10823.809,181.25
,5.308,10829.117,182.956
,5.35,10834.467,185.84
,5.389,10839.856,183.867
,5.431,10845.287,186.721
,5.469,10850.756,190.589
,5.506,10856.262,190.73
,5.542,10861.804,192.054
,5.581,10867.385,195.962
,5.619,10873.004,201.186
,5.653,10878.657,203.58
,5.681,10884.338,210.857
,5.7,10890.038,215.06
,5.725,10895.763,222.736
,5.756,10901.519,231.288
,5.789,10907.308,238.883
,5.819,10913.127,243.112
,5.85,10918.977,254.637
,5.883,10924.86,265.293
,5.911,10930.771,271.893
,5.939,10936.71,283.099
,5.972,10942.682,293.212
,5.997,10948.679,298.075
,6.025,10954.704,303.309
,6.056,10960.76,314.117
,6.086,10966.846,325.501
,6.111,10972.957,336.894
,6.139,10979.096,349.235
,6.167,10985.263,362.283
,6.194,10991.457,372.517
,6.222,10997.679,390.752
,6.247,11003.926,418.776
,6.272,11010.198,466.311
,6.297,11016.495,524.975
,6.325,11022.82,647.309
,6.35,11029.17,761.175
,6.375,11035.545,963.436
,6.397,11041.942,1191.916
,6.425,11048.367,1618.467
,6.45,11054.817,1843.837
,65.803,11120.62,0
,6.686,11127.306,1898.746
,6.697,11134.003,1905.062
,33.739,11167.742,0
,6.8,11174.542,1812.907
,6.819,11181.361,1693.055
,6.836,11188.197,1701.34
,6.85,11195.047,1771.529
,6.867,11201.914,1922.573
,20.7,11222.614,0
,6.933,11229.547,1960.086
,280.697,11510.244,0
,639.158,12149.402,0
,3.869,12153.271,1526.259
,3.714,12156.985,1004.294
,3.561,12160.546,807.945
,3.411,12163.957,741.315
,3.278,12167.235,644.23
,3.147,12170.382,480.802
,3.039,12173.421,313.79
,2.936,12176.357,191.037
,2.853,12179.21,127.63
,2.758,12181.968,91.244
,2.678,12184.646,68.956
,2.592,12187.238,55.665
,2.514,12189.752,48.075
,2.428,12192.18,42.916
,2.356,12194.536,39.832
,2.283,12196.819,35.909
,2.211,12199.03,33.448
,2.136,12201.166,31.217
,2.075,12203.241,26.125
,2.031,12205.272,24.579
,2.019,12207.291,29.276
,2.003,12209.294,25.24
,1.958,12211.252,24.743
,1.917,12213.169,26.941
,1.9,12215.069,24.697
,1.908,12216.977,23.202
,1.931,12218.908,29.915
,1.964,12220.872,41.385
,1.992,12222.864,91.899
,2.014,12224.878,165.372
,2.028,12226.906,59.036
,2.025,12228.931,34.263
,2.011,12230.942,28.239
,1.989,12232.931,25.683
,1.958,12234.889,25.06
,1.925,12236.814,23.462
,1.892,12238.706,23.998
,1.864,12240.57,22.848
,1.842,12242.412,24.521
,1.825,12244.237,22.634
,1.825,12246.062,24.425
,1.833,12247.895,22.995
,1.856,12249.751,25.25
,1.878,12251.629,24.619
,1.914,12253.543,26.863
,1.958,12255.501,26.776
,2.014,12257.515,30.399
,2.058,12259.573,34.276
,2.106,12261.679,37.977
,2.172,12263.851,40.083
,2.247,12266.098,45.963
,2.319,12268.417,57.727
,2.394,12270.811,61.52
,2.503,12273.314,74.247
,2.608,12275.922,110.082
,2.697,12278.619,154.498
,2.781,12281.4,183.284
,2.872,12284.272,233.596
,2.972,12287.244,360.208
,3.061,12290.305,502.731
,3.153,12293.458,1125.836
,3.242,12296.7,0
,3.336,12300.036,1890.866
,3.422,12303.458,1193.844
,3.508,12306.966,896.199
,3.592,12310.558,939.28
,3.672,12314.23,808.612
,3.744,12317.974,752.233
,3.806,12321.78,671.034
,3.867,12325.647,564.47
,3.922,12329.569,475.205
,3.989,12333.558,450.539
,4.058,12337.616,441.817
,4.122,12341.738,455.838
,4.183,12345.921,482.141
,4.244,12350.165,496.331
,4.308,12354.473,473.031
,4.367,12358.84,431.935
,4.428,12363.268,399.699
,4.489,12367.757,366.793
,4.547,12372.304,369.784
,4.603,12376.907,385.641
,4.661,12381.568,410.125
,4.719,12386.287,428.388
,4.772,12391.059,438.023
,4.817,12395.876,437.956
,4.856,12400.732,407.34
,4.897,12405.629,400.775
,4.942,12410.571,401.501
,4.986,12415.557,415.456
,5.033,12420.59,437.714
,5.078,12425.668,469.343
,5.122,12430.79,495.284
,5.167,12435.957,533.558
,5.211,12441.168,576.701
,5.256,12446.424,599.06
,5.297,12451.721,608.597
,5.339,12457.06,581.116
,5.381,12462.441,556.813
,5.422,12467.863,554.999
,5.467,12473.33,574.778
,5.508,12478.838,606.459
,5.544,12484.382,652.839
,5.586,12489.968,691.5
,5.625,12495.593,701.162
,5.664,12501.257,641.195
,5.703,12506.96,625.501
,5.739,12512.699,610.413
,5.772,12518.471,628.96
,5.794,12524.265,611.176
,5.808,12530.073,625.275
,5.828,12535.901,629.469
,5.858,12541.759,603.186
,5.892,12547.651,570.71
,5.922,12553.573,510.743
,5.953,12559.526,475.288
,5.983,12565.509,439.683
,6.017,12571.526,419.334
,6.047,12577.573,405.187
,6.075,12583.648,404.521
,6.106,12589.754,391.751
,6.133,12595.887,383.464
,6.164,12602.051,368.851
,6.189,12608.24,351.749
,6.217,12614.457,342.569
,6.247,12620.704,340.031
,6.269,12626.973,339.553
,6.294,12633.267,336.562
,6.322,12639.589,342.392
,6.347,12645.936,348.03
,6.375,12652.311,336.811
,6.394,12658.705,325.632
,6.422,12665.127,313.759
,6.447,12671.574,307.042
,6.469,12678.043,290.234
,6.494,12684.537,284.733
,6.517,12691.054,286.685
,6.539,12697.593,294.495
,6.558,12704.151,290.363
,6.581,12710.732,300.289
,6.603,12717.335,315.185
,6.622,12723.957,321.606
,6.636,12730.593,327.671
,6.661,12737.254,330.144
,6.672,12743.926,336.154
,6.686,12750.612,325.499
,6.7,12757.312,313.421
,6.711,12764.023,306.076
,6.733,12770.756,308.106
,6.747,12777.503,313.559
,6.758,12784.261,332.569
,6.778,12791.039,346.874
,6.794,12797.833,359.226
,6.814,12804.647,369.752
,6.828,12811.475,368.383
,6.842,12818.317,364.237
,6.861,12825.178,366.31
,6.872,12832.05,364.713
,6.889,12838.939,369.282
,6.903,12845.842,373.625
,6.919,12852.761,375.431
,6.933,12859.694,382.829
,6.95,12866.644,387.701
,6.961,12873.605,382.912
,6.975,12880.58,375.704
,6.989,12887.569,383.005
,7.003,12894.572,390.537
,7.014,12901.586,397.996
,7.028,12908.614,409.319
,7.042,12915.656,424.752
,7.053,12922.709,433.377
,7.064,12929.773,442.304
,7.078,12936.851,455.939
,7.089,12943.94,478.744
,7.1,12951.04,494.099
,7.114,12958.154,496.034
,7.122,12965.276,492.462
,7.133,12972.409,494
,7.15,12979.559,501.083
,7.161,12986.72,507.522
,7.169,12993.889,540.17
,7.181,13001.07,583.989
,7.186,13008.256,634.221
,7.2,13015.456,686.286
,7.211,13022.667,736.212
,7.222,13029.889,770.59
,7.231,13037.12,845.929
,7.242,13044.362,937.85
,7.256,13051.618,1095.157
,7.264,13058.882,1344.65
,7.272,13066.154,1633.621
,283.808,13349.962,0
,4.297,13354.259,1568.648
,4.139,13358.398,1247.299
,3.983,13362.381,851.277
,3.839,13366.22,600.9
,3.706,13369.926,399.917
,3.575,13373.501,245.814
,3.436,13376.937,182.357
,3.297,13380.234,116.655
,3.119,13383.353,86.256
,2.925,13386.278,66.575
,2.733,13389.011,55.187
,2.419,13391.43,40.048
,2.344,13393.774,36.382
,2.475,13396.249,41.081
,2.586,13398.835,43.424
,2.594,13401.429,43.427
,2.581,13404.01,43.795
,2.586,13406.596,44.852
,2.553,13409.149,43.993
,2.525,13411.674,41.93
,2.511,13414.185,43.727
,2.511,13416.696,39.924
,2.522,13419.218,42.109
,2.536,13421.754,44.602
,2.567,13424.321,67.832
,2.619,13426.94,139.888
,2.708,13429.648,241.198
,2.8,13432.448,87.822
,2.842,13435.29,59.219
,2.842,13438.132,49.888
,2.822,13440.954,49.207
,2.808,13443.762,51.207
,2.828,13446.59,51.918
,2.85,13449.44,48.705
,2.9,13452.34,53.918
,2.944,13455.284,55.935
,2.992,13458.276,55.972
,3.028,13461.304,58.774
,3.089,13464.393,67.076
,3.156,13467.549,69.05
,3.219,13470.768,71.875
,3.278,13474.046,86.236
,3.336,13477.382,96.967
,3.403,13480.785,113.492
,3.472,13484.257,153.623
,3.539,13487.796,223.97
,3.597,13491.393,338.221
,3.661,13495.054,803.726
,3.731,13498.785,0
,3.792,13502.577,915.949
,3.847,13506.424,628.658
,3.908,13510.332,502.288
,3.978,13514.31,460.833
,4.047,13518.357,491.096
,4.111,13522.468,506.723
,4.178,13526.646,539.148
,4.242,13530.888,591.619
,4.308,13535.196,727.74
,4.372,13539.568,847.242
,4.433,13544.001,954.053
,4.494,13548.495,1143.959
,4.558,13553.053,1245.932
,4.617,13557.67,1357.901
,4.669,13562.339,1481.734
,4.714,13567.053,1510.075
,4.756,13571.809,1773.332
,4.803,13576.612,1959.452
,105.844,13682.456,0
,5.733,13688.189,1763.566
,5.769,13693.958,1475.269
,5.797,13699.755,1105.119
,5.814,13705.569,650.113
,5.828,13711.397,443.856
,5.833,13717.23,327.234
,5.833,13723.063,249.546
,5.797,13728.86,207.628
,5.708,13734.568,184.534
,5.583,13740.151,165.507
,5.458,13745.609,149.608
,5.333,13750.942,144.977
,5.203,13756.145,139.359
,5.097,13761.242,132.424
,4.975,13766.217,115.205
,4.886,13771.103,105.811
,4.8,13775.903,98.682
,4.711,13780.614,90.498
,4.633,13785.247,85.483
,4.575,13789.822,91.18
,4.533,13794.355,98.817
,4.475,13798.83,95.838
,4.428,13803.258,90.022
,4.414,13807.672,91.943
,4.381,13812.053,87.326
,4.331,13816.384,82.401
,4.294,13820.678,81.383
,4.3,13824.978,85.286
,4.333,13829.311,85.073
,4.381,13833.692,84.314
,4.417,13838.109,86.833
,4.447,13842.556,85.791
,4.478,13847.034,88.48
,4.508,13851.542,88.165
,4.542,13856.084,91.418
,4.564,13860.648,88.469
,4.603,13865.251,90.739
,4.647,13869.898,92.5
,4.697,13874.595,99.08
,4.733,13879.328,105.246
,4.764,13884.092,119.866
,4.811,13888.903,139.616
,4.858,13893.761,161.48
,4.908,13898.669,184.649
,4.95,13903.619,211.67
,4.992,13908.611,244.224
,5.028,13913.639,303.155
,5.058,13918.697,389.288
,5.092,13923.789,562.281
,5.142,13928.931,929.268
,5.2,13934.131,1722.732
,10.517,13944.648,0
,5.314,13949.962,1799.02
,5.356,13955.318,1218.229
,5.394,13960.712,1022.884
,5.433,13966.145,911.905
,5.475,13971.62,898.712
,5.519,13977.139,1070.838
,5.561,13982.7,1313.539
,5.603,13988.303,1684.163
,75.011,14063.314,0
,5.386,14068.7,1971.471
,5.2,14073.9,1148.488
,5.019,14078.919,546.442
,4.875,14083.794,327.377
,4.725,14088.519,214.698
,4.631,14093.15,161.906
,4.514,14097.664,131.455
,4.425,14102.089,114.712
,4.35,14106.439,102.601
,4.3,14110.739,98.681
,4.261,14115,89.414
,4.231,14119.231,82.928
,4.2,14123.431,78.867
,4.175,14127.606,77.931
,4.153,14131.759,78.832
,4.133,14135.892,73.174
,4.139,14140.031,75.923
,4.158,14144.189,75.977
,4.181,14148.37,76.462
,4.197,14152.567,75.138
,4.236,14156.803,85.478
,4.272,14161.075,88.177
,4.317,14165.392,96.419
,4.356,14169.748,105.099
,4.394,14174.142,120.768
,4.447,14178.589,138.088
,4.506,14183.095,142.712
,4.55,14187.645,180.372
,4.586,14192.231,196.695
,4.622,14196.853,209.411
,4.664,14201.517,254.864
,4.722,14206.239,420.95
,4.778,14211.017,541.146
,4.831,14215.848,1251.906
,207.625,14423.473,0
,6.242,14429.715,1985.647
,6.267,14435.982,1601.269
,6.294,14442.276,1346.246
,6.319,14448.595,1197.319
,6.347,14454.942,1140.764
,6.372,14461.314,1118.693
,6.4,14467.714,1128.468
,6.425,14474.139,1202.29
,6.453,14480.592,1248.376
,6.478,14487.07,1156.063
,6.503,14493.573,1105.259
,6.525,14500.098,1058.542
,6.547,14506.645,949.921
,6.569,14513.214,936.031
,6.594,14519.808,963.673
,6.617,14526.425,1014.278
,6.636,14533.061,1020.248
,6.653,14539.714,1074.206
,6.664,14546.378,1131.687
,6.681,14553.059,1166.518
,6.697,14559.756,1115.158
,6.717,14566.473,1121.643
,6.736,14573.209,1156.35
,6.753,14579.962,1191.877
,6.772,14586.734,1263.548
,6.792,14593.526,1516.778
,6.811,14600.337,1818.836
,532.419,15132.756,0
,5.436,15138.192,1369.257
,5.264,15143.456,807.005
,5.114,15148.57,579.53
,5,15153.57,411.035
,4.886,15158.456,282.982
,4.756,15163.212,205.833
,4.622,15167.834,154.459
,4.456,15172.29,124.916
,4.225,15176.515,100.532
,4.122,15180.637,91.168
,4.153,15184.79,91.56
,4.231,15189.021,94.042
,4.214,15193.235,90.054
,4.169,15197.404,89.5
,4.125,15201.529,96.362
,4.086,15205.615,91.998
,4.061,15209.676,97.744
,4.042,15213.718,95.698
,4.061,15217.779,98.894
,4.103,15221.882,90.309
,4.15,15226.032,94.898
,4.183,15230.215,95.91
,4.233,15234.448,104.99
,4.289,15238.737,116.465
,4.353,15243.09,165.074
,4.422,15247.512,332.247
,4.497,15252.009,0
,4.558,15256.567,306.969
,4.617,15261.184,172.432
,4.667,15265.851,137.886
,4.717,15270.568,122.583
,4.758,15275.326,117.756
,4.797,15280.123,123.469
,4.817,15284.94,111.555
,4.858,15289.798,119.704
,4.886,15294.684,115.339
,4.917,15299.601,112.52
,4.942,15304.543,105.928
,5,15309.543,113.769
,5.028,15314.571,108.27
,5.056,15319.627,112.3
,5.089,15324.716,113.786
,5.131,15329.847,118.728
,5.169,15335.016,124.957
,5.206,15340.222,140.932
,5.239,15345.461,190.323
,5.269,15350.73,358.289
,5.297,15356.027,0
,5.328,15361.355,490.423
,5.358,15366.713,241.883
,5.394,15372.107,187.745
,5.417,15377.524,160.799
,5.456,15382.98,154.008
,5.478,15388.458,139.668
,5.497,15393.955,142.615
,5.511,15399.466,136.994
,5.547,15405.013,139.412
,5.581,15410.594,142.358
,5.603,15416.197,157.631
,5.631,15421.828,164.884
,5.661,15427.489,180.491
,5.697,15433.186,199.319
,5.725,15438.911,214.169
,5.753,15444.664,231.065
,5.789,15450.453,258.79
,5.822,15456.275,287.957
,5.858,15462.133,353.382
,5.892,15468.025,436.84
,5.922,15473.947,525.765
,5.95,15479.897,707.611
,5.978,15485.875,984.484
,6.008,15491.883,1314.259
,809.319,16301.202,0
,6.919,16308.121,1435.471
,6.711,16314.832,936.966
,6.533,16321.365,630.596
,6.356,16327.721,420.157
,6.2,16333.921,310.988
,6.042,16339.963,248.058
,5.886,16345.849,202.973
,5.739,16351.588,177.633
,5.594,16357.182,157.162
,5.486,16362.668,144.039
,5.369,16368.037,132.384
,5.256,16373.293,122.417
,5.147,16378.44,115.415
,5.042,16383.482,109.328
,4.961,16388.443,107.679
,4.861,16393.304,101.637
,4.767,16398.071,97.316
,4.664,16402.735,92.388
,4.583,16407.318,92.301
,4.522,16411.84,89.088
,4.464,16416.304,87.932
,4.411,16420.715,85.865
,4.364,16425.079,85.517
,4.325,16429.404,84
,4.306,16433.71,83.246
,4.294,16438.004,84.682
,4.292,16442.296,86.922
,4.289,16446.585,85.231
,4.308,16450.893,86.795
,4.339,16455.232,88.03
,4.369,16459.601,88.063
,4.394,16463.995,88.672
,4.414,16468.409,88.66
,4.433,16472.842,89.442
,4.456,16477.298,91.155
,4.464,16481.762,89.877
,4.475,16486.237,91.132
,4.492,16490.729,91.812
,4.517,16495.246,93.673
,4.561,16499.807,92.606
,4.608,16504.415,96.643
,4.664,16509.079,98.987
,4.711,16513.79,105.23
,4.75,16518.54,107.979
,4.789,16523.329,118.069
,4.836,16528.165,124.822
,4.881,16533.046,132.684
,4.925,16537.971,139.692
,4.969,16542.94,148.08
,5.011,16547.951,152.367
,5.058,16553.009,160.014
,5.103,16558.112,165.892
,5.144,16563.256,170.746
,5.183,16568.439,176.692
,5.225,16573.664,179.544
,5.267,16578.931,181.25
,5.308,16584.239,182.956
,5.35,16589.589,185.84
,5.389,16594.978,183.867
,5.431,16600.409,186.721
,5.469,16605.878,190.589
,5.506,16611.384,190.73
,5.542,16616.926,192.054
,5.581,16622.507,195.962
,5.619,16628.126,201.186
,5.653,16633.779,203.58
,5.681,16639.46,210.857
,5.7,16645.16,215.06
,5.725,16650.885,222.736
,5.756,16656.641,231.288
,5.789,16662.43,238.883
,5.819,16668.249,243.112
,5.85,16674.099,254.637
,5.883,16679.982,265.293
,5.911,16685.893,271.893
,5.939,16691.832,283.099
,5.972,16697.804,293.212
,5.997,16703.801,298.075
,6.025,16709.826,303.309
,6.056,16715.882,314.117
,6.086,16721.968,325.501
,6.111,16728.079,336.894
,6.139,16734.218,349.235
,6.167,16740.385,362.283
,6.194,16746.579,372.517
,6.222,16752.801,390.752
,6.247,16759.048,418.776
,6.272,16765.32,466.311
,6.297,16771.617,524.975
,6.325,16777.942,647.309
,6.35,16784.292,761.175
,6.375,16790.667,963.436
,6.397,16797.064,1191.916
,6.425,16803.489,1618.467
,6.45,16809.939,1843.837
,65.803,16875.742,0
,6.686,16882.428,1898.746
,6.697,16889.125,1905.062
,33.739,16922.864,0
,6.8,16929.664,1812.907
,6.819,16936.483,1693.055
,6.836,16943.319,1701.34
,6.85,16950.169,1771.529
,6.867,16957.036,1922.573
,20.7,16977.736,0
,6.933,16984.669,1960.086
,280.697,17265.366,0
,639.158,17904.524,0
,3.869,17908.393,1526.259
,3.714,17912.107,1004.294
,3.561,17915.668,807.945
,3.411,17919.079,741.315
,3.278,17922.357,644.23
,3.147,17925.504,480.802
,3.039,17928.543,313.79
,2.936,17931.479,191.037
,2.853,17934.332,127.63
,2.758,17937.09,91.244
,2.678,17939.768,68.956
,2.592,17942.36,55.665
,2.514,17944.874,48.075
,2.428,17947.302,42.916
,2.356,17949.658,39.832
,2.283,17951.941,35.909
,2.211,17954.152,33.448
,2.136,17956.288,31.217
,2.075,17958.363,26.125
,2.031,17960.394,24.579
,2.019,17962.413,29.276
,2.003,17964.416,25.24
,1.958,17966.374,24.743
,1.917,17968.291,26.941
,1.9,17970.191,24.697
,1.908,17972.099,23.202
,1.931,17974.03,29.915
,1.964,17975.994,41.385
,1.992,17977.986,91.899
,2.014,17980,165.372
,2.028,17982.028,59.036
,2.025,17984.053,34.263
,2.011,17986.064,28.239
,1.989,17988.053,25.683
,1.958,17990.011,25.06
,1.925,17991.936,23.462
,1.892,17993.828,23.998
,1.864,17995.692,22.848
,1.842,17997.534,24.521
,1.825,17999.359,22.634
,1.825,18001.184,24.425
,1.833,18003.017,22.995
,1.856,18004.873,25.25
,1.878,18006.751,24.619
,1.914,18008.665,26.863
,1.958,18010.623,26.776
,2.014,18012.637,30.399
,2.058,18014.695,34.276
,2.106,18016.801,37.977
,2.172,18018.973,40.083
,2.247,18021.22,45.963
,2.319,18023.539,57.727
,2.394,18025.933,61.52
,2.503,18028.436,74.247
,2.608,18031.044,110.082
,2.697,18033.741,154.498
,2.781,18036.522,183.284
,2.872,18039.394,233.596
,2.972,18042.366,360.208
,3.061,18045.427,502.731
,3.153,18048.58,1125.836
,3.242,18051.822,0
,3.336,18055.158,1890.866
,3.422,18058.58,1193.844
,3.508,18062.088,896.199
,3.592,18065.68,939.28
,3.672,18069.352,808.612
,3.744,18073.096,752.233
,3.806,18076.902,671.034
,3.867,18080.769,564.47
,3.922,18084.691,475.205
,3.989,18088.68,450.539
,4.058,18092.738,441.817
,4.122,18096.86,455.838
,4.183,18101.043,482.141
,4.244,18105.287,496.331
,4.308,18109.595,473.031
,4.367,18113.962,431.935
,4.428,18118.39,399.699
,4.489,18122.879,366.793
,4.547,18127.426,369.784
,4.603,18132.029,385.641
,4.661,18136.69,410.125
,4.719,18141.409,428.388
,4.772,18146.181,438.023
,4.817,18150.998,437.956
,4.856,18155.854,407.34
,4.897,18160.751,400.775
,4.942,18165.693,401.501
,4.986,18170.679,415.456
,5.033,18175.712,437.714
,5.078,18180.79,469.343
,5.122,18185.912,495.284
,5.167,18191.079,533.558
,5.211,18196.29,576.701
,5.256,18201.546,599.06
,5.297,18206.843,608.597
,5.339,18212.182,581.116
,5.381,18217.563,556.813
,5.422,18222.985,554.999
,5.467,18228.452,574.778
,5.508,18233.96,606.459
,5.544,18239.504,652.839
,5.586,18245.09,691.5
,5.625,18250.715,701.162
,5.664,18256.379,641.195
,5.703,18262.082,625.501
,5.739,18267.821,610.413
,5.772,18273.593,628.96
,5.794,18279.387,611.176
,5.808,18285.195,625.275
,5.828,18291.023,629.469
,5.858,18296.881,603.186
,5.892,18302.773,570.71
,5.922,18308.695,510.743
,5.953,18314.648,475.288
,5.983,18320.631,439.683
,6.017,18326.648,419.334
,6.047,18332.695,405.187
,6.075,18338.77,404.521
,6.106,18344.876,391.751
,6.133,18351.009,383.464
,6.164,18357.173,368.851
,6.189,18363.362,351.749
,6.217,18369.579,342.569
,6.247,18375.826,340.031
,6.269,18382.095,339.553
,6.294,18388.389,336.562
,6.322,18394.711,342.392
,6.347,18401.058,348.03
,6.375,18407.433,336.811
,6.394,18413.827,325.632
,6.422,18420.249,313.759
,6.447,18426.696,307.042
,6.469,18433.165,290.234
,6.494,18439.659,284.733
,6.517,18446.176,286.685
,6.539,18452.715,294.495
,6.558,18459.273,290.363
,6.581,18465.854,300.289
,6.603,18472.457,315.185
,6.622,18479.079,321.606
,6.636,18485.715,327.671
,6.661,18492.376,330.144
,6.672,18499.048,336.154
,6.686,18505.734,325.499
,6.7,18512.434,313.421
,6.711,18519.145,306.076
,6.733,18525.878,308.106
,6.747,18532.625,313.559
,6.758,18539.383,332.569
,6.778,18546.161,346.874
,6.794,18552.955,359.226
,6.814,18559.769,369.752
,6.828,18566.597,368.383
,6.842,18573.439,364.237
,6.861,18580.3,366.31
,6.872,18587.172,364.713
,6.889,18594.061,369.282
,6.903,18600.964,373.625
,6.919,18607.883,375.431
,6.933,18614.816,382.829
,6.95,18621.766,387.701
,6.961,18628.727,382.912
,6.975,18635.702,375.704
,6.989,18642.691,383.005
,7.003,18649.694,390.537
,7.014,18656.708,397.996
,7.028,18663.736,409.319
,7.042,18670.778,424.752
,7.053,18677.831,433.377
,7.064,18684.895,442.304
,7.078,18691.973,455.939
,7.089,18699.062,478.744
,7.1,18706.162,494.099
,7.114,18713.276,496.034
,7.122,18720.398,492.462
,7.133,18727.531,494
,7.15,18734.681,501.083
,7.161,18741.842,507.522
,7.169,18749.011,540.17
,7.181,18756.192,583.989
,7.186,18763.378,634.221
,7.2,18770.578,686.286
,7.211,18777.789,736.212
,7.222,18785.011,770.59
,7.231,18792.242,845.929
,7.242,18799.484,937.85
,7.256,18806.74,1095.157
,7.264,18814.004,1344.65
,7.272,18821.276,1633.621
,283.808,19105.084,0
,4.297,19109.381,1568.648
,4.139,19113.52,1247.299
,3.983,19117.503,851.277
,3.839,19121.342,600.9
,3.706,19125.048,399.917
,3.575,19128.623,245.814
,3.436,19132.059,182.357
,3.297,19135.356,116.655
,3.119,19138.475,86.256
,2.925,19141.4,66.575
,2.733,19144.133,55.187
,2.419,19146.552,40.048
,2.344,19148.896,36.382
,2.475,19151.371,41.081
,2.586,19153.957,43.424
,2.594,19156.551,43.427
,2.581,19159.132,43.795
,2.586,19161.718,44.852
,2.553,19164.271,43.993
,2.525,19166.796,41.93
,2.511,19169.307,43.727
,2.511,19171.818,39.924
,2.522,19174.34,42.109
,2.536,19176.876,44.602
,2.567,19179.443,67.832
,2.619,19182.062,139.888
,2.708,19184.77,241.198
,2.8,19187.57,87.822
,2.842,19190.412,59.219
,2.842,19193.254,49.888
,2.822,19196.076,49.207
,2.808,19198.884,51.207
,2.828,19201.712,51.918
,2.85,19204.562,48.705
,2.9,19207.462,53.918
,2.944,19210.406,55.935
,2.992,19213.398,55.972
,3.028,19216.426,58.774
,3.089,19219.515,67.076
,3.156,19222.671,69.05
,3.219,19225.89,71.875
,3.278,19229.168,86.236
,3.336,19232.504,96.967
,3.403,19235.907,113.492
,3.472,19239.379,153.623
,3.539,19242.918,223.97
,3.597,19246.515,338.221
,3.661,19250.176,803.726
,3.731,19253.907,0
,3.792,19257.699,915.949
,3.847,19261.546,628.658
,3.908,19265.454,502.288
,3.978,19269.432,460.833
,4.047,19273.479,491.096
,4.111,19277.59,506.723
,4.178,19281.768,539.148
,4.242,19286.01,591.619
,4.308,19290.318,727.74
,4.372,19294.69,847.242
,4.433,19299.123,954.053
,4.494,19303.617,1143.959
,4.558,19308.175,1245.932
,4.617,19312.792,1357.901
,4.669,19317.461,1481.734
,4.714,19322.175,1510.075
,4.756,19326.931,1773.332
,4.803,19331.734,1959.452
,105.844,19437.578,0
,5.733,19443.311,1763.566
,5.769,19449.08,1475.269
,5.797,19454.877,1105.119
,5.814,19460.691,650.113
,5.828,19466.519,443.856
,5.833,19472.352,327.234
,5.833,19478.185,249.546
,5.797,19483.982,207.628
,5.708,19489.69,184.534
,5.583,19495.273,165.507
,5.458,19500.731,149.608
,5.333,19506.064,144.977
,5.203,19511.267,139.359
,5.097,19516.364,132.424
,4.975,19521.339,115.205
,4.886,19526.225,105.811
,4.8,19531.025,98.682
,4.711,19535.736,90.498
,4.633,19540.369,85.483
,4.575,19544.944,91.18
,4.533,19549.477,98.817
,4.475,19553.952,95.838
,4.428,19558.38,90.022
,4.414,19562.794,91.943
,4.381,19567.175,87.326
,4.331,19571.506,82.401
,4.294,19575.8,81.383
,4.3,19580.1,85.286
,4.333,19584.433,85.073
,4.381,19588.814,84.314
,4.417,19593.231,86.833
,4.447,19597.678,85.791
,4.478,19602.156,88.48
,4.508,19606.664,88.165
,4.542,19611.206,91.418
,4.564,19615.77,88.469
,4.603,19620.373,90.739
,4.647,19625.02,92.5
,4.697,19629.717,99.08
,4.733,19634.45,105.246
,4.764,19639.214,119.866
,4.811,19644.025,139.616
,4.858,19648.883,161.48
,4.908,19653.791,184.649
,4.95,19658.741,211.67
,4.992,19663.733,244.224
,5.028,19668.761,303.155
,5.058,19673.819,389.288
,5.092,19678.911,562.281
,5.142,19684.053,929.268
,5.2,19689.253,1722.732
,10.517,19699.77,0
,5.314,19705.084,1799.02
,5.356,19710.44,1218.229
,5.394,19715.834,1022.884
,5.433,19721.267,911.905
,5.475,19726.742,898.712
,5.519,19732.261,1070.838
,5.561,19737.822,1313.539
,5.603,19743.425,1684.163
,75.011,19818.436,0
,5.386,19823.822,1971.471
,5.2,19829.022,1148.488
,5.019,19834.041,546.442
,4.875,19838.916,327.377
,4.725,19843.641,214.698
,4.631,19848.272,161.906
,4.514,19852.786,131.455
,4.425,19857.211,114.712
,4.35,19861.561,102.601
,4.3,19865.861,98.681
,4.261,19870.122,89.414
,4.231,19874.353,82.928
,4.2,19878.553,78.867
,4.175,19882.728,77.931
,4.153,19886.881,78.832
,4.133,19891.014,73.174
,4.139,19895.153,75.923
,4.158,19899.311,75.977
,4.181,19903.492,76.462
,4.197,19907.689,75.138
,4.236,19911.925,85.478
,4.272,19916.197,88.177
,4.317,19920.514,96.419
,4.356,19924.87,105.099
,4.394,19929.264,120.768
,4.447,19933.711,138.088
,4.506,19938.217,142.712
,4.55,19942.767,180.372
,4.586,19947.353,196.695
,4.622,19951.975,209.411
,4.664,19956.639,254.864
,4.722,19961.361,420.95
,4.778,19966.139,541.146
,4.831,19970.97,1251.906
,207.625,20178.595,0
,6.242,20184.837,1985.647
,6.267,20191.104,1601.269
,6.294,20197.398,1346.246
,6.319,20203.717,1197.319
,6.347,20210.064,1140.764
,6.372,20216.436,1118.693
,6.4,20222.836,1128.468
,6.425,20229.261,1202.29
,6.453,20235.714,1248.376
,6.478,20242.192,1156.063
,6.503,20248.695,1105.259
,6.525,20255.22,1058.542
,6.547,20261.767,949.921
,6.569,20268.336,936.031
,6.594,20274.93,963.673
,6.617,20281.547,1014.278
,6.636,20288.183,1020.248
,6.653,20294.836,1074.206
,6.664,20301.5,1131.687
,6.681,20308.181,1166.518
,6.697,20314.878,1115.158
,6.717,20321.595,1121.643
,6.736,20328.331,1156.35
,6.753,20335.084,1191.877
,6.772,20341.856,1263.548
,6.792,20348.648,1516.778
,6.811,20355.459,1818.836
,532.419,20887.878,0
,5.436,20893.314,1369.257
,5.264,20898.578,807.005
,5.114,20903.692,579.53
,5,20908.692,411.035
,4.886,20913.578,282.982
,4.756,20918.334,205.833
,4.622,20922.956,154.459
,4.456,20927.412,124.916
,4.225,20931.637,100.532
,4.122,20935.759,91.168
,4.153,20939.912,91.56
,4.231,20944.143,94.042
,4.214,20948.357,90.054
,4.169,20952.526,89.5
,4.125,20956.651,96.362
,4.086,20960.737,91.998
,4.061,20964.798,97.744
,4.042,20968.84,95.698
,4.061,20972.901,98.894
,4.103,20977.004,90.309
,4.15,20981.154,94.898
,4.183,20985.337,95.91
,4.233,20989.57,104.99
,4.289,20993.859,116.465
,4.353,20998.212,165.074
,4.422,21002.634,332.247
,4.497,21007.131,0
,4.558,21011.689,306.969
,4.617,21016.306,172.432
,4.667,21020.973,137.886
,4.717,21025.69,122.583
,4.758,21030.448,117.756
,4.797,21035.245,123.469
,4.817,21040.062,111.555
,4.858,21044.92,119.704
,4.886,21049.806,115.339
,4.917,21054.723,112.52
,4.942,21059.665,105.928
,5,21064.665,113.769
,5.028,21069.693,108.27
,5.056,21074.749,112.3
,5.089,21079.838,113.786
,5.131,21084.969,118.728
,5.169,21090.138,124.957
,5.206,21095.344,140.932
,5.239,21100.583,190.323
,5.269,21105.852,358.289
,5.297,21111.149,0
,5.328,21116.477,490.423
,5.358,21121.835,241.883
,5.394,21127.229,187.745
,5.417,21132.646,160.799
,5.456,21138.102,154.008
,5.478,21143.58,139.668
,5.497,21149.077,142.615
,5.511,21154.588,136.994
,5.547,21160.135,139.412
,5.581,21165.716,142.358
,5.603,21171.319,157.631
,5.631,21176.95,164.884
,5.661,21182.611,180.491
,5.697,21188.308,199.319
,5.725,21194.033,214.169
,5.753,21199.786,231.065
,5.789,21205.575,258.79
,5.822,21211.397,287.957
,5.858,21217.255,353.382
,5.892,21223.147,436.84
,5.922,21229.069,525.765
,5.95,21235.019,707.611
,5.978,21240.997,984.484
,6.008,21247.005,1314.259
,809.319,22056.324,0
